id,genoType,initiation,daysTake,number,SPAD 45,SPAD 75,plantHeight,daysMature,primaryB,seedsPods,podsPlant,yieldPlant,100seedweight
1,79-7901930,65,62,2,59.78,34.01,33.53,147,1.58,1.56,12.55,13.89,18.89
2,03-8828998,46,50,1,57.08,30.86,62.16,149,2.84,3.24,3.38,14.16,13.08
3,21-1327665,35,52,2,55.04,35.3,57.02,146,1.77,2.27,5.8,7.89,12.06
4,19-3421926,73,80,1,43.42,39.33,91.21,140,1.53,1.32,5.66,5.21,24.56
5,47-5882995,61,58,1,59.42,38.34,41.95,141,1.37,1.23,3.45,1.75,10.49
6,16-0122508,40,43,1,51.63,37.13,97.84,111,1.9,1.1,14.49,11.64,16.67
7,44-2163697,78,62,1,53.62,33.45,56.41,123,1.96,2.43,4.66,2.17,11.75
8,91-7616964,22,77,1,54.24,30.12,45.55,119,2.71,3.61,3.72,14.03,22.47
9,26-8942501,21,41,2,55.99,39.27,45.76,101,2.65,4.2,10.91,7.36,21.37
10,71-8050127,41,78,2,55.25,38.9,80.68,128,2.23,1.79,3.73,1.87,24.03
11,74-8847794,67,43,2,58.82,36.77,41.12,143,2.12,1.83,5.8,6.85,14.73
12,11-0125292,62,59,1,49.3,37.56,58.12,123,1.32,2.55,12.14,3.75,14.76
13,64-5806977,31,50,1,51.22,39.41,37.27,129,1.39,4.86,8.8,13.91,20.01
14,01-6253947,66,74,1,48.36,33.38,32.36,110,1.62,4.71,9.58,13.88,15.8
15,96-3371645,68,71,1,47.58,32.0,89.58,131,1.9,3.32,6.32,1.56,14.31
16,11-9729540,25,73,1,52.79,39.5,69.53,101,2.88,4.9,2.52,12.39,16.96
17,38-3233315,40,47,2,47.11,31.6,77.23,123,2.02,3.07,8.84,5.3,16.53
18,06-1521178,49,75,1,59.6,32.11,77.21,132,2.35,1.89,10.89,7.09,19.25
19,18-6748816,62,55,2,48.24,39.71,57.33,112,1.83,2.92,3.61,13.97,20.89
20,62-6911000,66,65,1,40.35,37.28,75.14,114,1.97,3.22,3.17,12.44,19.21
21,79-5188806,24,76,2,48.83,33.26,77.0,125,2.5,2.33,9.62,11.18,21.18
22,69-6018443,72,60,2,52.26,39.88,53.8,143,1.4,3.18,13.87,15.12,24.79
23,74-3464217,44,51,2,43.0,38.29,81.88,124,2.83,3.03,2.72,9.4,24.11
24,16-1477664,30,56,1,56.49,36.13,67.42,138,1.61,4.52,11.81,2.21,22.69
25,61-7953134,49,49,2,55.76,34.09,92.89,139,1.87,1.55,4.7,15.41,11.63
26,54-2811546,32,67,2,40.66,32.36,59.25,110,2.67,3.19,2.86,15.07,11.13
27,84-6195915,25,59,1,44.42,36.63,79.35,125,1.37,3.6,13.88,11.22,21.02
28,32-9137979,52,67,2,57.54,32.12,66.71,120,2.19,2.26,2.34,11.68,18.41
29,76-6789716,59,65,1,49.89,35.12,57.52,108,2.8,3.34,10.9,3.26,15.25
30,13-3738387,70,57,1,42.01,31.66,93.59,135,1.71,2.7,6.26,9.86,10.82
31,75-9192763,38,66,1,46.69,39.77,50.91,150,1.68,3.07,7.13,7.66,24.47
32,29-3581799,64,42,1,49.99,39.03,93.55,103,2.08,3.89,2.61,9.52,12.44
33,87-6781621,59,47,2,49.44,36.32,61.88,128,1.88,2.2,8.02,13.48,10.72
34,31-1465344,61,41,2,56.42,38.16,38.72,100,1.21,3.0,12.22,6.31,12.7
35,11-8344779,24,51,2,40.92,33.68,44.31,110,1.61,4.78,7.87,1.06,19.29
36,64-4198726,33,47,1,52.46,30.22,78.26,126,2.84,4.47,11.32,14.2,16.72
37,06-6707956,74,41,2,51.72,31.89,78.26,127,1.08,2.47,14.82,12.1,11.45
38,75-8748043,28,67,2,58.35,38.34,62.32,131,2.18,3.23,14.08,7.06,18.57
39,52-8642705,22,41,1,52.5,38.38,89.44,107,2.91,3.8,1.53,15.43,15.19
40,96-7005214,48,65,1,44.97,32.59,77.99,129,2.8,2.59,8.67,15.76,13.49
41,94-2102164,34,52,1,47.45,34.69,33.5,101,1.81,3.93,10.34,4.52,21.55
42,59-4451223,20,60,1,49.64,36.79,62.63,120,2.55,4.85,2.43,7.39,15.2
43,59-2644735,58,66,1,55.53,30.79,91.96,136,2.15,1.58,13.57,1.97,10.29
44,39-1466568,21,52,2,42.8,30.84,82.4,106,2.36,4.14,13.76,11.74,23.53
45,82-6188809,33,54,2,50.54,38.33,48.64,136,2.08,3.26,6.1,8.76,20.57
46,90-6753700,25,53,1,45.15,38.69,36.47,111,1.88,4.36,8.89,12.29,22.7
47,13-8172911,78,41,1,58.42,36.13,74.49,126,2.01,2.4,5.43,10.17,14.71
48,98-7002819,47,40,1,53.6,36.79,63.47,100,1.78,2.99,1.18,12.4,16.24
49,70-3824063,22,43,2,47.62,35.68,30.27,113,1.62,3.24,13.85,3.69,10.64
50,68-6060891,77,67,1,46.84,37.9,37.34,150,2.19,4.19,5.0,1.24,22.81
51,80-3438928,63,54,2,55.91,37.22,45.04,118,2.49,1.76,14.28,6.31,12.62
52,48-2558375,49,53,2,40.7,39.28,59.05,142,2.44,2.16,10.69,6.11,22.43
53,65-4541270,36,77,1,46.6,37.08,96.4,143,1.46,3.49,2.02,8.9,23.0
54,75-4504655,29,70,1,51.53,38.33,90.52,106,2.91,3.95,11.23,2.83,15.22
55,86-1741911,24,45,1,52.2,34.56,92.96,128,1.64,2.33,2.98,1.12,19.09
56,37-7201494,80,60,2,47.67,34.79,45.06,126,1.61,2.77,12.7,8.78,10.39
57,77-1676719,71,45,1,43.85,35.48,92.23,109,2.98,3.51,3.91,7.41,14.32
58,11-9096823,73,51,2,48.81,36.28,53.85,120,2.11,2.62,10.44,2.73,21.3
59,57-0994344,55,65,1,43.61,35.44,38.22,125,1.26,4.25,1.79,4.78,22.55
60,98-9280813,59,80,2,45.19,32.53,41.49,124,2.61,1.42,4.16,5.66,24.17
61,22-7911498,25,58,2,40.05,35.53,80.65,145,2.26,2.05,12.61,8.37,20.38
62,48-5674320,49,40,2,42.64,34.4,54.3,141,1.58,1.85,5.49,4.42,16.46
63,86-9755060,47,44,2,50.38,34.7,53.0,124,1.03,3.38,12.45,8.57,15.74
64,65-2527135,67,78,2,47.41,37.43,69.36,104,2.66,1.68,6.5,10.75,24.58
65,67-7193881,49,63,2,53.87,39.7,99.62,139,2.44,4.97,7.7,4.73,24.39
66,48-5166856,24,66,2,47.03,38.62,72.31,118,1.94,3.71,8.3,7.1,16.33
67,73-6715356,64,40,1,59.37,32.86,93.84,120,1.58,1.81,7.21,11.3,17.03
68,02-9698332,52,75,2,50.7,35.49,33.36,135,2.75,4.19,14.66,12.88,22.36
69,86-9633012,80,76,2,56.88,38.19,83.1,106,1.1,4.61,11.23,15.84,21.3
70,87-9177593,47,52,2,54.82,37.85,95.09,125,2.73,3.7,11.33,1.96,19.78
71,08-8276285,78,45,1,49.3,36.22,35.1,145,2.25,4.71,4.74,7.06,19.28
72,69-4874289,55,44,1,45.41,30.73,80.17,120,2.31,3.95,3.69,14.6,20.81
73,52-9396023,46,50,2,54.77,30.41,57.35,132,1.41,1.16,2.85,1.46,21.35
74,38-3860877,64,51,2,54.36,34.64,97.35,115,1.67,4.97,9.85,9.76,15.49
75,90-6227569,42,48,1,42.99,37.4,56.65,130,1.87,3.72,8.93,13.87,20.35
76,10-0675338,79,74,1,59.34,39.29,31.24,104,2.47,2.96,7.54,15.38,18.03
77,98-0123823,52,47,2,57.73,34.39,84.82,113,2.86,1.07,10.52,15.28,22.6
78,46-4386220,27,50,1,55.93,31.75,64.69,119,1.07,4.9,7.81,15.21,19.98
79,99-8373264,52,74,2,52.25,39.87,30.69,142,2.25,1.06,2.96,9.17,13.98
80,82-2932726,38,78,2,40.24,32.19,38.83,126,2.84,2.79,9.12,9.48,15.77
81,11-3807553,32,61,1,48.81,36.14,42.46,114,2.2,4.26,13.52,3.33,18.81
82,39-2382119,49,70,1,53.65,39.06,57.75,129,2.11,1.45,6.3,7.67,20.4
83,68-2715594,30,61,2,52.72,31.65,83.23,112,1.03,2.38,11.61,2.54,19.3
84,90-1343254,36,61,2,41.08,30.53,43.97,109,1.31,3.22,4.78,3.35,12.05
85,62-5448194,28,63,2,52.71,39.63,81.84,123,1.83,1.24,5.71,9.77,12.23
86,45-2778117,71,62,1,51.64,30.94,96.51,125,1.28,4.37,3.91,8.05,19.01
87,65-5677839,42,72,2,45.65,34.19,64.62,148,1.45,2.83,1.44,2.1,13.85
88,18-3097487,51,65,1,55.17,38.44,69.2,117,2.38,3.8,14.71,9.07,16.59
89,18-8931462,76,74,1,41.61,33.87,62.54,127,2.5,1.01,7.62,11.79,18.87
90,13-5293130,59,69,1,59.16,32.25,72.94,135,2.1,3.24,8.21,4.55,21.68
91,80-9983935,27,76,2,52.76,38.13,56.58,116,2.09,3.61,5.0,15.42,16.23
92,94-6722357,77,79,2,40.51,31.0,50.01,137,2.57,3.98,8.51,6.48,11.0
93,22-3968284,51,56,1,42.99,30.27,74.15,140,1.96,4.27,12.36,11.57,18.6
94,30-1115903,48,51,2,57.83,36.35,52.84,142,2.36,2.22,5.74,2.79,22.33
95,05-1112858,26,73,1,55.8,34.43,82.45,106,1.25,3.43,13.12,13.87,23.65
96,45-9623736,67,73,2,58.42,34.1,53.45,133,1.59,4.45,5.43,15.98,11.77
97,55-4968611,20,63,2,57.6,34.8,48.98,134,2.95,1.29,10.6,8.11,19.01
98,12-1338555,59,45,1,48.86,32.23,92.03,145,2.61,2.36,8.16,2.51,24.22
99,78-9008301,62,72,2,54.17,37.06,42.61,127,2.25,3.14,10.69,8.95,10.94
100,89-6362989,32,66,2,59.56,38.68,67.84,115,1.92,1.31,5.92,4.3,21.08
101,08-9244082,56,56,1,55.52,34.29,95.47,132,1.1,2.04,11.72,6.42,14.59
102,37-4530917,53,55,1,57.34,38.31,60.88,124,1.81,2.36,8.31,14.94,21.76
103,43-1225748,53,40,2,47.87,30.02,34.43,135,1.16,1.0,11.77,13.05,17.47
104,13-8575045,51,51,2,52.7,31.3,66.86,116,1.57,2.9,2.18,7.48,20.23
105,76-9794262,31,42,2,58.03,39.0,90.94,127,2.93,2.86,11.51,2.48,16.65
106,90-8942312,64,62,2,41.11,33.27,32.62,105,1.86,3.75,10.3,6.03,23.66
107,97-1109503,26,78,2,40.15,35.46,85.29,102,1.41,3.02,11.02,2.77,15.34
108,68-7904421,40,50,2,56.87,37.55,52.9,119,1.45,1.46,1.25,6.65,12.83
109,91-2367045,65,44,1,51.57,33.61,54.72,112,2.09,4.52,10.41,8.8,10.27
110,86-6026349,68,62,2,40.08,30.05,48.69,101,1.48,2.76,4.0,7.92,14.27
111,21-5875137,21,50,1,50.44,37.6,45.17,150,2.29,2.03,12.04,8.8,17.08
112,12-4298487,52,76,1,46.21,31.44,67.93,111,1.97,2.45,12.88,14.88,21.04
113,15-7932322,38,55,1,52.76,36.93,53.77,110,1.37,2.15,13.74,3.62,22.04
114,31-9880472,53,46,1,40.75,33.8,44.16,123,2.99,1.89,11.22,15.5,10.21
115,27-6677812,35,57,1,56.94,31.9,37.63,142,2.05,4.93,1.35,13.33,13.67
116,31-9339134,61,71,2,58.55,37.89,37.73,100,1.48,4.6,4.35,4.06,23.12
117,53-1215858,54,61,2,52.85,36.49,99.83,132,1.07,2.22,11.4,13.37,16.89
118,07-0009646,49,68,1,51.82,33.37,54.67,131,2.42,3.74,7.77,6.87,23.29
119,25-0837038,70,54,2,40.35,35.36,34.56,140,1.36,4.04,7.69,3.46,23.45
120,44-9183434,67,58,2,41.42,32.51,67.39,115,1.54,1.88,5.5,8.54,13.81
121,00-3362154,35,71,2,48.94,39.28,38.47,115,1.55,1.01,4.66,8.69,19.31
122,53-8306696,64,50,1,59.7,32.2,42.04,145,1.92,2.69,11.98,10.31,11.87
123,38-9480637,64,79,1,47.47,34.56,79.5,105,1.96,2.81,4.58,14.74,20.4
124,46-8781556,35,55,2,51.89,30.99,83.93,101,2.24,4.3,10.33,8.46,20.16
125,02-2628143,43,72,1,46.11,37.77,56.28,132,2.6,3.29,15.0,4.89,24.61
126,47-3589704,34,41,1,44.6,37.67,93.59,103,2.57,2.88,7.48,8.97,16.04
127,21-4583031,63,66,2,44.92,37.67,39.39,109,1.31,3.06,4.72,9.72,10.09
128,04-1830324,39,49,2,53.74,33.93,62.85,126,1.83,4.38,7.3,5.83,21.31
129,59-6440698,51,68,2,40.46,33.31,68.82,132,2.35,4.55,8.92,14.19,23.5
130,62-6059976,44,53,1,59.38,37.95,69.69,115,2.25,2.76,2.85,6.92,19.66
131,56-0777808,58,44,2,50.97,33.0,75.99,121,2.14,4.24,6.54,2.18,22.05
132,46-9739469,76,79,1,46.82,35.0,58.82,111,1.9,3.37,11.21,6.01,16.23
133,39-0781999,41,62,2,50.57,37.91,36.41,123,2.05,2.76,11.13,9.12,20.54
134,29-8803329,79,79,2,42.93,32.51,46.86,114,2.88,3.48,9.75,10.71,24.05
135,68-8552338,58,60,2,40.05,37.86,79.42,117,1.98,3.3,7.59,8.16,17.56
136,35-8437909,25,69,1,40.63,31.89,44.45,126,1.64,4.02,7.99,11.48,22.76
137,52-1923474,72,40,1,59.38,38.47,86.93,141,2.63,4.28,1.42,13.4,22.41
138,04-8718238,44,72,2,56.99,31.18,31.13,125,2.3,1.79,2.01,8.0,22.8
139,60-4844795,27,45,2,48.33,31.4,79.4,119,1.84,1.85,5.39,5.72,15.96
140,22-8816214,53,79,2,53.96,35.42,55.11,140,2.49,2.58,4.27,12.76,24.07
141,71-8980437,20,80,1,50.53,35.64,63.29,139,1.44,2.39,6.5,1.33,23.02
142,18-1305115,32,68,2,49.86,30.32,97.41,111,1.84,3.25,4.67,5.99,12.27
143,57-2713657,37,55,2,56.55,35.49,65.35,122,1.46,4.1,11.52,13.81,20.23
144,67-0151419,61,70,2,57.18,31.04,63.25,147,1.51,4.2,9.8,12.98,15.19
145,39-6338892,50,42,2,54.44,35.64,76.62,147,1.18,1.03,9.74,10.79,19.95
146,10-3025431,56,43,1,59.34,38.01,44.3,106,2.05,4.94,7.74,13.83,11.88
147,57-2108266,51,45,2,59.04,30.08,82.68,117,2.94,1.52,3.08,14.05,22.35
148,68-9714952,40,57,2,40.22,35.75,88.44,137,1.21,2.6,8.14,14.32,23.48
149,16-3776304,34,66,2,42.67,37.77,88.25,142,2.74,4.76,11.38,10.0,14.38
150,10-2510295,29,48,1,42.16,30.65,63.21,139,2.26,1.56,7.61,7.76,21.22
151,14-1695117,38,47,2,41.17,31.01,66.1,143,1.54,1.47,8.74,9.83,11.82
152,53-8701585,62,73,2,49.07,36.67,87.21,104,1.7,4.55,10.81,5.68,19.34
153,44-2608524,22,78,1,56.62,31.84,83.81,114,2.89,2.64,7.93,5.42,23.5
154,60-6476345,45,59,2,42.86,32.74,68.74,102,1.2,2.7,10.17,7.11,19.33
155,63-3225437,47,54,2,47.17,33.66,78.95,123,2.14,4.4,9.63,5.92,15.61
156,24-0116673,40,66,2,51.88,38.27,71.94,116,2.72,4.49,12.84,3.78,13.09
157,85-4001996,35,46,1,56.53,33.48,87.87,122,1.9,3.65,13.66,5.26,22.11
158,26-7059294,70,66,1,58.96,39.49,76.5,146,2.76,1.15,5.86,5.51,15.56
159,91-5371267,70,52,2,53.7,30.7,59.84,101,1.78,4.52,10.74,12.81,11.18
160,36-5411428,56,74,2,41.07,32.08,64.04,139,1.1,2.04,8.36,13.4,19.87
161,34-6393020,57,40,2,51.49,33.7,55.69,117,2.8,4.12,10.72,14.06,13.37
162,99-4563816,64,68,1,40.83,39.11,93.67,139,1.72,2.53,5.0,11.52,18.99
163,33-2415537,74,70,1,51.93,34.15,51.25,132,2.59,3.59,11.69,9.1,22.77
164,65-4663528,60,53,1,42.25,35.9,68.18,114,2.4,1.9,2.9,3.46,11.23
165,32-4303362,70,41,2,43.62,36.99,43.56,121,1.54,1.12,8.37,8.61,18.65
166,75-7003170,25,78,2,45.79,35.36,39.12,123,2.83,2.54,7.59,10.43,21.37
167,52-3884042,52,65,1,49.1,38.0,98.52,115,2.26,2.1,14.75,4.18,22.04
168,63-5839931,78,47,2,50.14,35.05,95.43,100,2.63,3.43,8.37,8.13,15.19
169,26-7135640,48,59,2,51.52,33.07,98.11,141,1.75,3.55,2.27,15.96,11.16
170,47-0033691,68,63,2,54.74,31.51,44.62,102,1.4,3.49,2.19,3.7,24.6
171,14-5862835,40,67,2,57.21,33.12,61.04,127,2.0,3.11,9.81,12.88,17.67
172,81-7343023,69,71,2,50.08,33.25,40.13,128,1.2,3.07,5.22,2.4,17.38
173,90-8625503,26,63,1,41.81,36.38,36.56,108,1.1,1.16,1.2,4.14,14.18
174,03-5552315,63,48,2,46.27,37.95,83.72,105,2.18,3.02,12.35,3.7,15.03
175,61-8179702,51,57,1,52.09,37.55,58.76,107,2.7,1.87,1.83,5.57,13.07
176,34-9935243,68,60,1,47.08,30.71,37.56,147,1.84,4.59,6.13,5.1,11.32
177,57-1481902,46,60,1,40.43,38.84,31.76,119,1.78,4.6,8.33,8.62,12.4
178,29-4395144,45,75,1,49.16,37.3,56.05,146,1.84,4.4,12.43,5.88,10.74
179,38-1482433,38,49,1,51.1,39.66,98.39,118,2.12,4.6,7.51,9.28,22.68
180,93-8610245,73,80,2,55.99,30.79,91.2,114,1.75,3.11,2.4,2.8,14.45
181,06-4106444,55,80,2,59.05,39.91,60.48,124,1.91,2.18,7.67,15.17,13.85
182,95-4132026,54,77,2,53.62,36.8,69.88,144,1.77,2.27,9.95,9.16,18.81
183,72-0124139,27,78,2,57.61,37.07,41.73,120,1.12,1.36,13.68,15.85,11.28
184,78-9925868,39,41,1,41.91,32.31,85.44,150,1.31,2.21,4.44,5.61,21.84
185,99-0672659,57,47,1,46.19,33.03,70.99,129,1.98,4.68,9.22,12.76,20.88
186,22-4719890,65,76,2,58.66,31.41,86.45,131,1.5,4.44,8.57,13.26,16.49
187,08-2930937,79,41,2,57.15,37.57,81.67,117,2.52,1.86,9.51,6.5,24.03
188,45-1321727,38,74,2,57.22,31.82,74.82,116,2.92,2.26,4.03,10.41,24.68
189,45-9717636,38,74,1,48.66,36.04,40.32,128,2.27,4.27,9.03,11.94,23.05
190,35-5898581,72,57,1,52.2,38.33,68.84,106,1.3,1.69,3.54,9.81,16.95
191,28-3221878,80,59,1,52.13,39.64,67.86,128,1.23,2.93,3.99,9.52,15.14
192,81-6298047,41,64,1,51.6,36.41,75.57,141,1.72,3.25,3.3,6.27,16.46
193,75-4690861,62,53,2,43.31,36.64,70.37,108,2.29,2.34,8.43,5.27,22.14
194,20-3697655,60,59,2,47.84,33.74,78.26,137,1.73,4.67,13.12,1.53,21.56
195,08-4976774,59,55,1,43.06,30.89,35.38,114,1.17,1.15,6.81,12.82,17.35
196,35-6200349,64,71,2,49.14,35.17,94.94,147,1.26,1.24,14.45,11.79,14.23
197,25-5677805,22,61,1,58.49,36.3,90.54,128,2.15,1.45,4.25,15.74,23.31
198,79-5265898,58,58,1,59.99,34.11,49.21,116,2.12,1.92,6.62,10.22,22.25
199,94-5451109,55,74,2,49.49,36.03,74.5,136,2.37,2.06,11.62,2.31,10.11
200,23-2110074,44,48,2,51.78,33.31,97.4,123,1.12,2.35,6.52,13.07,17.39
201,19-6867736,80,69,1,48.31,35.75,81.0,134,2.42,2.27,12.81,15.83,23.28
202,38-2950943,34,67,1,51.97,38.3,40.11,117,2.2,2.43,7.03,8.6,19.41
203,90-2388352,54,65,1,46.06,30.41,35.27,142,1.8,3.89,8.94,10.31,12.24
204,56-9144492,38,80,1,51.35,38.75,40.72,110,2.19,3.01,11.09,10.03,18.97
205,19-1316332,63,55,1,51.38,33.4,31.17,129,2.32,2.71,9.39,1.49,12.46
206,90-8452547,32,73,2,52.15,38.24,99.24,129,2.53,2.43,6.21,15.21,19.2
207,07-6347596,43,40,1,44.89,39.97,98.35,103,2.59,4.84,6.08,10.67,11.46
208,18-5149132,72,68,1,48.53,32.69,87.78,137,2.24,3.38,11.0,3.27,22.43
209,64-2069723,31,74,1,48.22,39.23,56.29,141,1.72,2.85,12.34,7.06,21.92
210,54-5919193,28,58,1,41.28,36.28,53.02,129,1.98,4.28,12.91,10.85,12.76
211,59-9220620,45,40,2,57.02,38.27,64.76,147,1.75,1.19,13.15,15.97,24.24
212,29-5807598,24,42,1,40.53,31.49,75.26,121,2.24,4.45,8.82,2.46,23.73
213,94-9552278,34,55,2,54.45,32.97,98.71,140,1.59,3.26,14.04,3.27,18.35
214,20-6597569,57,55,1,47.21,35.96,87.04,144,2.57,4.54,2.76,8.98,11.72
215,29-5041850,51,70,1,54.35,30.5,92.93,131,1.16,1.81,14.77,12.48,11.78
216,39-5020287,42,51,2,51.3,35.41,41.13,114,1.75,2.64,10.08,6.31,10.83
217,37-5609230,51,55,2,47.41,32.29,63.6,113,2.25,1.89,8.34,1.96,20.64
218,02-1419048,65,57,2,51.01,37.25,55.9,121,1.53,2.3,7.86,9.14,21.59
219,22-7876486,23,49,2,56.34,39.1,39.51,118,2.87,4.74,4.46,3.37,16.14
220,00-8955251,33,61,2,54.56,37.95,49.96,133,1.28,3.99,9.12,12.99,17.39
221,63-2573044,49,72,2,45.41,30.17,55.85,110,2.68,1.65,4.13,9.59,15.46
222,13-3685848,36,80,1,47.05,34.22,81.44,149,2.17,3.78,2.19,12.85,10.13
223,76-4513919,76,47,1,54.38,37.65,72.26,140,1.33,2.29,13.18,7.39,11.28
224,93-8074224,59,56,1,47.44,32.98,46.01,110,2.8,2.85,9.04,11.16,20.41
225,42-0078343,51,59,2,42.84,30.89,94.99,149,2.41,4.45,8.17,6.82,22.94
226,30-8587745,53,70,2,54.1,37.45,65.27,121,1.66,3.88,13.4,9.04,10.96
227,40-0784973,49,43,1,44.74,32.34,35.0,129,2.73,4.27,5.54,12.3,16.04
228,90-4510150,48,41,2,51.32,35.28,43.58,118,1.53,1.81,3.29,7.12,16.05
229,51-9433793,67,73,1,55.58,34.12,71.0,117,1.39,2.08,14.31,2.18,11.63
230,06-3566770,51,77,1,56.41,39.2,66.98,130,2.46,1.44,14.91,9.76,10.32
231,58-8573519,23,71,1,42.39,34.04,93.11,143,2.02,2.72,6.95,12.36,23.69
232,66-7466781,68,70,2,44.24,30.36,55.75,108,2.96,1.92,13.68,1.62,14.79
233,29-0805903,58,75,1,54.78,37.29,69.16,149,1.07,3.67,9.28,6.33,15.58
234,57-6765107,28,50,1,42.51,30.97,44.19,111,2.84,4.14,14.23,15.91,20.7
235,90-4912020,32,70,1,53.32,36.37,91.09,112,1.88,1.8,10.39,2.87,13.7
236,78-8806551,50,60,2,40.68,35.36,89.38,117,1.33,2.58,9.36,1.98,24.32
237,11-6162199,38,51,2,50.46,31.97,49.7,125,2.92,1.79,12.22,3.09,12.21
238,06-8618442,53,64,1,53.49,32.93,73.69,144,1.44,4.61,7.91,15.35,12.07
239,84-8600666,41,49,2,43.22,31.79,37.51,114,2.91,3.23,8.38,12.08,13.95
240,75-9181630,53,42,2,52.74,34.65,79.87,101,1.74,4.34,2.89,6.17,13.33
241,06-1937659,66,61,2,59.89,39.67,69.05,145,1.66,2.06,9.85,12.69,10.82
242,46-2964226,61,40,1,45.48,35.79,59.07,140,1.46,3.13,6.55,7.95,15.81
243,10-6014734,44,52,2,53.64,34.22,58.56,134,1.96,1.32,1.57,15.78,14.04
244,94-8567646,62,62,1,54.25,33.49,48.4,137,2.14,1.05,7.1,13.85,22.73
245,57-6259426,54,70,2,40.3,32.67,86.7,115,2.03,3.3,1.79,12.2,24.89
246,01-1585104,26,50,2,55.77,36.84,99.09,120,2.63,1.86,1.09,6.14,23.09
247,10-1556014,49,67,1,41.35,33.97,45.59,114,2.81,1.25,12.84,2.45,19.77
248,99-6185721,66,76,1,46.22,30.41,34.42,112,2.67,4.06,5.61,14.36,14.85
249,21-5575127,23,42,1,44.21,38.84,72.49,100,2.64,1.31,8.74,6.79,14.45
250,49-6437340,22,46,1,47.94,34.03,45.94,137,1.51,4.47,5.5,3.64,20.37
251,73-9137596,68,47,2,58.18,32.84,79.15,107,1.14,3.1,11.04,12.13,23.52
252,05-1537077,24,57,2,44.51,30.69,49.11,144,1.13,1.59,7.5,1.85,12.7
253,06-1611125,20,77,1,56.52,33.23,74.76,107,1.47,3.53,9.48,4.46,18.77
254,25-3372219,42,56,2,56.27,37.74,88.75,145,1.84,2.72,10.98,11.22,15.2
255,32-6992333,64,45,1,41.55,38.1,31.4,116,2.34,3.09,7.69,15.68,10.46
256,82-5515047,74,68,1,48.84,35.42,47.49,108,2.54,1.3,5.51,5.77,23.68
257,45-3929669,77,77,1,56.81,31.14,53.12,126,1.23,3.49,13.32,13.79,14.59
258,14-0063391,62,67,1,56.34,37.04,95.82,128,1.35,3.72,7.18,6.13,18.51
259,87-2611924,23,52,1,56.49,30.91,48.33,116,1.02,3.46,8.1,7.15,21.12
260,63-4692229,61,55,1,43.14,37.86,52.83,137,1.55,1.07,13.47,14.87,18.77
261,35-3136574,35,55,2,56.45,32.19,70.98,127,2.05,4.88,6.81,12.44,10.82
262,16-3586628,75,53,1,56.15,31.67,60.47,145,1.45,2.99,1.89,3.81,12.79
263,14-8735253,23,46,2,51.36,35.55,41.13,135,1.72,1.51,13.45,2.08,22.51
264,69-9473067,35,72,2,45.49,33.81,59.89,135,1.79,3.33,14.43,4.53,17.63
265,39-5514346,34,54,1,41.46,33.32,78.29,149,1.8,1.46,8.9,10.47,13.31
266,65-1325220,22,69,1,56.42,31.98,99.83,111,1.53,1.0,9.77,2.46,24.75
267,80-8976897,67,46,1,44.3,37.89,58.17,112,1.91,3.29,3.52,9.58,17.95
268,59-9731665,33,70,2,50.87,32.34,86.91,115,2.63,2.72,2.56,11.61,15.07
269,72-4023607,78,67,1,49.2,33.75,31.53,145,1.19,2.59,3.68,8.74,14.17
270,51-6018225,38,62,2,53.82,32.88,52.75,145,1.09,3.52,8.4,12.0,20.52
271,39-4221989,70,59,1,42.71,37.26,69.69,148,1.16,4.53,7.35,7.14,21.67
272,70-5639328,56,50,2,57.23,37.37,55.48,127,2.17,1.35,3.98,14.19,12.99
273,39-5052453,35,66,2,50.42,33.05,61.6,124,2.66,1.8,8.91,13.56,15.55
274,11-5855905,31,48,1,45.51,30.63,63.94,141,2.5,1.15,14.86,7.95,18.92
275,21-2895467,79,44,2,53.18,32.24,30.41,148,2.32,1.08,4.11,11.95,15.68
276,70-0971829,43,78,2,41.68,33.97,52.33,108,2.51,1.22,2.49,3.33,14.83
277,92-8363122,61,62,1,46.09,35.92,69.87,116,2.55,3.98,8.93,1.35,12.54
278,97-8087632,28,46,1,51.72,36.28,38.32,114,2.57,4.63,1.36,9.98,11.96
279,25-9580785,28,72,1,48.44,39.18,96.89,145,2.45,1.38,6.52,13.24,19.97
280,27-7479224,59,78,1,43.08,37.89,83.14,105,2.89,3.94,10.48,2.15,15.36
281,79-8798491,23,71,2,47.23,36.55,87.7,108,2.41,2.78,8.22,2.02,13.05
282,41-6396397,65,79,1,44.72,31.51,64.52,145,1.21,3.31,9.91,6.54,10.87
283,64-4207326,60,46,2,40.86,34.88,59.79,128,1.18,2.89,1.95,12.22,20.69
284,19-4452507,64,50,1,52.66,39.32,60.19,120,1.27,2.71,14.27,1.3,19.77
285,52-9282486,34,46,1,52.14,37.23,40.22,143,1.4,2.89,8.39,15.03,11.55
286,22-1766661,31,80,1,41.35,33.58,56.71,149,1.73,3.34,3.2,3.76,11.06
287,69-5427485,40,48,1,54.05,34.32,48.36,124,2.84,4.75,9.0,14.81,22.28
288,72-0396596,47,43,2,49.03,33.74,87.66,110,2.65,2.42,3.23,15.85,18.3
289,00-0357421,25,74,2,56.27,39.59,99.88,113,1.59,3.01,6.77,12.71,13.56
290,43-4284018,36,40,1,46.96,30.91,98.03,133,1.54,3.96,6.91,5.92,24.06
291,97-7503097,52,66,1,58.57,33.12,84.28,114,2.55,4.01,10.27,13.56,12.48
292,96-9616581,51,65,2,54.04,35.5,53.08,102,1.67,3.86,4.88,14.58,23.35
293,33-2474462,53,75,2,51.11,36.68,96.54,132,1.57,1.59,4.72,13.08,13.96
294,72-3355791,49,49,2,48.96,36.94,88.94,126,2.15,1.38,4.75,8.12,18.73
295,43-4451021,71,52,1,48.1,35.12,89.37,106,1.62,1.29,10.23,11.87,12.82
296,83-5637697,23,53,2,43.81,38.84,56.6,143,2.76,4.36,4.12,1.55,21.74
297,73-4751562,47,51,1,44.33,30.07,41.39,149,1.69,2.79,4.34,9.52,13.72
298,15-8310866,60,63,1,42.36,39.01,82.02,142,1.8,3.2,4.18,1.83,15.38
299,55-8448824,70,41,2,52.06,36.02,99.12,113,1.82,4.29,7.01,12.75,24.37
300,26-3937252,43,62,1,56.75,30.61,48.14,107,2.92,4.76,6.42,15.84,18.87
301,92-8778459,42,48,1,42.48,39.05,36.03,129,2.1,2.04,8.31,2.09,20.43
302,80-6333615,44,44,2,46.3,39.07,39.1,101,2.51,4.35,9.52,11.83,19.13
303,83-7604693,52,69,2,58.73,36.95,87.5,129,1.47,1.08,7.85,6.79,10.49
304,52-4742481,39,59,1,55.55,35.22,31.93,150,1.58,4.46,11.29,3.27,20.26
305,64-8213588,64,73,2,51.75,38.88,38.38,119,1.61,1.0,2.47,1.96,20.79
306,48-0739124,24,71,1,43.0,31.87,78.26,139,1.97,3.88,14.95,8.95,21.17
307,48-8715705,21,59,2,51.79,31.53,75.65,111,2.27,1.59,3.09,10.63,20.71
308,61-5451223,79,46,1,40.6,37.24,76.05,110,2.07,4.04,11.98,15.42,23.1
309,30-4512466,44,77,2,50.61,34.99,46.7,124,1.77,1.46,5.66,11.93,12.58
310,60-9104714,52,68,1,58.86,30.28,86.88,134,1.88,1.06,13.84,15.84,23.48
311,94-5546884,58,41,2,42.22,34.07,94.62,102,2.87,2.24,11.86,11.05,19.89
312,16-4611898,75,69,1,56.1,32.02,60.75,142,2.78,1.08,6.29,13.06,21.65
313,96-5060491,29,58,1,58.06,35.82,83.63,134,1.45,3.18,7.76,1.29,10.12
314,67-0261842,29,74,2,46.99,36.15,42.68,126,2.53,1.3,7.96,15.89,22.73
315,69-4403433,67,74,1,40.06,35.57,61.87,107,2.67,1.13,6.92,12.58,10.8
316,26-7009475,21,53,2,41.75,34.04,42.57,124,2.89,3.43,1.2,13.55,10.54
317,88-9200586,37,66,2,43.74,36.73,99.98,122,1.63,1.22,8.09,11.37,18.02
318,58-5645385,38,42,2,55.32,32.49,61.93,108,1.89,4.74,7.9,7.1,16.55
319,09-6069350,52,74,1,51.12,32.1,96.11,126,1.6,4.99,10.26,4.96,19.72
320,14-7918847,47,60,2,40.64,38.72,44.47,106,2.11,2.02,10.34,15.66,24.53
321,75-8955543,36,59,2,48.38,31.59,72.47,135,2.24,4.7,3.43,15.13,11.89
322,93-7782505,64,50,1,41.0,30.93,97.57,148,2.55,2.6,3.15,9.73,13.04
323,77-3058086,53,68,1,56.88,37.29,47.91,131,1.71,2.28,10.36,5.71,20.17
324,67-4872444,69,76,1,52.92,33.72,92.2,141,1.61,3.68,1.94,15.37,10.88
325,75-2208988,44,53,1,52.56,36.19,33.5,127,2.43,4.32,4.2,13.09,24.71
326,23-0987304,30,60,1,59.08,39.04,37.78,136,2.62,2.79,8.65,6.31,17.53
327,15-5387310,67,40,2,49.85,38.68,52.58,101,2.57,3.62,2.72,2.3,12.36
328,24-2555357,61,43,2,56.75,34.88,94.47,104,2.67,3.97,2.75,4.24,16.65
329,19-0025275,75,57,2,45.37,33.15,62.1,138,2.71,3.77,12.45,13.35,11.36
330,16-5565903,34,45,1,51.3,39.22,61.52,128,2.18,4.36,5.72,11.38,12.75
331,15-0441938,45,77,1,45.14,37.32,45.13,124,2.55,1.49,9.17,8.84,18.41
332,46-9223022,22,55,1,58.84,35.52,68.09,132,1.67,2.18,3.77,15.4,21.35
333,89-4455541,65,70,2,58.23,32.21,91.45,105,2.76,2.72,2.79,2.33,24.22
334,22-3410337,39,75,2,55.39,36.51,49.9,107,2.59,1.38,1.45,7.47,13.77
335,27-8611379,46,59,2,50.26,30.39,94.56,115,1.08,1.81,11.13,5.39,21.38
336,25-7822123,40,69,2,57.36,36.51,49.5,117,1.87,1.47,7.44,9.17,19.16
337,93-8698629,68,51,1,41.31,33.58,94.19,145,2.11,1.57,2.42,1.27,24.82
338,27-0821307,34,71,1,43.27,37.97,34.84,136,2.02,1.72,12.0,2.28,19.77
339,54-9258958,63,47,2,54.79,34.53,54.35,139,2.62,1.85,1.48,2.82,14.55
340,50-0962610,20,55,1,51.94,36.72,41.13,114,2.57,1.57,8.88,10.6,11.64
341,99-5689381,72,79,1,49.21,31.27,46.36,101,2.1,3.66,6.74,12.03,16.79
342,82-5920632,20,53,2,50.12,35.56,91.8,116,2.08,3.27,14.47,11.47,14.15
343,28-7945010,60,43,2,56.43,32.21,69.43,134,2.81,3.26,8.04,14.74,22.82
344,48-6791342,42,78,1,48.55,30.04,60.01,127,2.49,1.18,1.67,8.55,20.78
345,15-5448205,68,46,1,52.66,35.41,50.7,113,2.33,1.38,11.57,15.56,19.85
346,06-4329308,54,76,1,54.55,31.04,83.57,127,1.64,4.74,11.76,7.86,17.23
347,60-3167524,41,62,2,47.3,30.54,86.38,118,1.22,4.17,13.24,3.39,23.01
348,44-8234299,64,45,1,58.69,36.54,75.47,150,2.19,4.45,8.09,5.03,21.25
349,69-9261498,70,41,2,52.52,37.97,54.08,129,2.54,4.71,2.65,10.58,24.06
350,26-1350802,70,73,2,53.65,32.92,46.48,116,2.16,4.4,5.49,9.83,22.95
351,77-4096020,35,62,1,40.12,30.83,64.45,142,1.74,4.99,2.82,13.52,22.53
352,96-6655972,45,72,1,47.59,33.84,31.99,120,2.4,3.17,7.97,1.16,17.13
353,36-6078359,60,57,2,59.23,30.25,97.3,147,2.32,2.93,9.72,10.51,10.54
354,84-7777927,48,68,2,51.6,33.32,79.46,108,2.57,4.19,10.62,7.32,22.66
355,27-9118425,28,49,2,55.35,30.21,55.64,124,1.19,3.57,10.53,3.01,23.01
356,17-4905345,79,55,1,40.72,36.75,97.68,108,2.47,3.62,4.85,2.07,15.6
357,24-6425636,22,65,1,50.2,33.24,64.89,129,1.55,3.3,3.13,5.02,17.95
358,45-4259507,64,40,1,52.22,30.92,57.0,146,2.83,3.3,4.36,10.94,15.74
359,72-9698365,39,65,1,44.99,30.19,84.79,100,1.38,1.22,10.48,2.6,12.4
360,91-9551410,23,68,1,59.54,37.11,42.59,137,3.0,4.38,4.61,14.92,23.29
361,59-2015702,45,77,2,46.69,32.86,41.18,118,1.06,2.32,11.25,14.41,21.5
362,27-2904671,59,42,2,52.28,31.22,79.64,115,1.75,4.25,3.68,5.41,13.55
363,50-2349767,37,61,2,53.62,39.72,74.15,134,2.71,3.1,11.48,10.26,10.76
364,04-3896895,63,64,1,54.08,34.09,72.55,110,2.24,1.92,1.31,6.91,10.33
365,31-4001573,74,64,1,41.01,36.89,56.4,125,1.68,4.8,10.74,7.84,12.53
366,25-2143257,54,48,1,48.14,31.36,68.31,139,1.16,1.07,14.26,11.74,16.66
367,04-2156770,34,63,2,41.95,30.59,41.38,104,2.04,2.43,7.45,6.15,24.88
368,47-1016203,33,66,2,52.82,32.02,95.61,143,2.1,2.74,6.03,11.42,16.02
369,90-8516241,34,78,2,56.1,31.28,56.41,149,1.5,3.63,2.42,11.29,24.61
370,96-5734780,38,68,1,42.92,35.84,45.05,102,2.57,4.84,4.91,13.08,12.58
371,20-9758711,76,64,2,42.03,36.03,55.53,149,2.38,2.77,13.38,3.19,19.36
372,11-0507428,49,54,1,52.23,30.7,69.51,149,2.97,4.83,13.67,15.58,11.27
373,06-3938001,34,42,1,41.95,37.67,84.81,131,2.66,2.22,7.76,4.1,11.96
374,44-8033106,45,73,1,52.98,31.63,88.61,107,1.63,4.3,4.49,10.73,13.03
375,77-3603830,61,49,1,45.94,30.66,67.35,126,1.77,4.72,9.58,5.41,18.41
376,27-4849575,41,57,2,53.57,35.94,53.88,100,1.91,4.68,3.63,4.25,13.02
377,33-1405258,78,40,1,49.6,33.77,63.7,142,2.18,3.32,11.65,10.91,23.78
378,32-6243148,50,70,1,53.15,30.1,65.29,101,1.51,1.05,4.17,7.59,17.41
379,25-1630102,48,44,1,53.75,32.36,84.61,107,2.68,4.51,13.45,5.92,17.65
380,07-0288237,40,54,2,48.09,39.21,83.53,146,1.86,2.13,10.17,7.9,22.28
381,28-5381649,38,40,2,45.86,36.45,60.41,106,1.59,1.27,3.6,15.8,13.91
382,93-5488427,27,46,2,54.16,34.71,71.97,119,1.57,4.75,6.69,2.48,21.53
383,19-3470901,54,61,1,57.25,33.05,68.93,135,2.26,1.75,10.2,1.73,24.56
384,19-2495489,70,43,1,48.82,37.42,40.39,133,2.61,3.26,10.53,6.09,16.54
385,10-0546938,74,43,1,57.01,32.47,44.41,141,1.86,3.99,14.05,12.67,15.88
386,16-2350376,71,55,2,59.89,31.52,95.1,138,1.22,3.21,12.41,15.17,15.48
387,37-7505027,53,55,2,45.57,35.72,45.11,119,2.34,4.27,6.25,13.52,24.18
388,33-4630089,50,78,1,53.84,36.9,72.12,106,2.23,4.3,9.88,3.81,14.8
389,73-4101304,49,53,2,42.41,39.74,92.85,147,2.15,4.27,7.76,12.81,21.29
390,46-7274085,59,58,2,45.32,35.73,75.61,114,2.58,3.35,14.4,6.34,11.63
391,54-9625270,57,45,2,44.26,39.62,57.11,112,1.43,4.6,5.07,13.51,10.02
392,84-5396223,23,68,1,53.53,35.36,57.36,119,1.6,2.47,11.03,9.19,23.85
393,39-8258591,23,76,1,58.4,39.9,97.88,142,2.73,1.1,11.68,1.55,19.11
394,78-6355192,77,45,2,48.56,34.1,92.95,107,2.77,4.24,3.34,13.07,12.94
395,98-5266254,32,54,2,55.13,32.79,56.61,103,2.72,2.97,10.16,15.65,16.6
396,55-6893376,20,66,2,41.84,32.83,63.56,125,2.33,3.63,2.33,5.82,15.28
397,33-6541401,71,80,1,54.61,36.7,53.31,133,2.83,1.82,12.38,8.3,17.5
398,38-5625422,47,79,1,54.91,36.8,83.63,111,2.18,2.2,5.35,11.12,21.33
399,55-0037379,30,54,2,45.49,33.39,67.05,150,2.6,1.93,6.18,14.64,18.32
400,41-4108876,79,53,1,53.33,39.43,87.02,109,2.28,2.89,9.61,10.27,14.86
401,31-9195807,78,56,2,41.54,38.62,41.71,110,1.38,3.04,5.38,11.9,19.37
402,81-1002775,76,69,2,59.11,31.5,66.95,101,1.08,4.23,7.58,3.94,19.47
403,30-6223285,76,50,2,58.09,36.08,51.03,148,2.21,2.2,13.72,13.96,24.4
404,36-2622889,40,60,1,50.02,33.61,88.9,126,2.36,1.01,9.39,9.81,24.3
405,71-7060949,59,74,1,59.88,36.67,39.31,117,2.81,4.05,3.49,13.8,20.26
406,80-4204017,58,43,2,40.38,39.51,51.97,110,2.03,3.1,9.22,8.6,15.02
407,44-6657204,25,42,2,49.48,39.71,41.67,142,1.19,1.58,1.74,13.18,12.96
408,20-8268156,51,47,1,57.63,34.13,40.93,145,2.15,3.31,8.71,9.47,21.6
409,79-0256218,60,47,1,54.57,38.22,55.85,127,2.2,1.29,3.87,7.22,22.16
410,80-0154318,76,74,1,48.51,30.24,73.85,130,2.31,2.66,14.17,8.13,12.02
411,87-5898928,56,56,1,54.15,38.96,96.41,126,2.61,4.19,6.8,10.59,20.3
412,42-7864100,41,60,2,47.04,38.26,90.64,149,1.04,1.36,5.64,3.68,24.34
413,53-5124798,76,76,2,52.29,37.82,55.44,118,1.81,2.17,7.47,15.73,12.23
414,46-5145658,31,42,1,55.3,34.98,87.99,137,2.03,3.56,6.09,9.25,23.99
415,62-0695694,52,56,2,43.02,38.58,32.24,122,1.58,1.05,5.66,10.85,22.23
416,75-3045552,61,73,2,50.58,30.98,84.12,103,2.0,4.5,13.18,3.82,17.51
417,33-4355290,26,56,1,55.92,34.34,94.36,110,1.32,1.48,7.98,11.82,15.03
418,24-4760990,52,51,2,55.21,30.28,44.83,118,1.32,3.95,8.2,1.77,16.26
419,96-4338561,79,64,1,44.3,37.01,39.47,130,1.21,3.84,4.69,7.73,14.08
420,86-5185264,63,80,2,55.05,37.56,56.06,139,2.82,4.24,12.39,11.46,22.69
421,21-3512239,31,52,1,53.83,36.01,43.17,147,2.31,4.06,5.98,2.04,20.93
422,62-0797293,53,66,2,42.05,33.44,84.49,106,2.19,1.44,9.38,8.57,12.05
423,36-5293382,51,70,2,47.46,37.85,34.11,117,1.73,4.03,11.14,10.84,13.33
424,17-8374922,76,70,2,51.58,31.78,43.81,129,2.2,1.56,13.16,7.0,13.08
425,25-2620347,40,54,2,53.28,32.37,41.65,132,2.58,4.7,2.49,1.45,21.3
426,54-3930427,77,45,1,53.17,32.12,68.89,120,2.58,3.58,11.58,6.64,12.81
427,52-0505991,33,67,1,53.06,33.55,36.19,100,1.04,1.81,2.8,12.65,18.61
428,66-5119694,25,51,2,42.07,33.16,91.3,112,1.86,4.03,5.05,12.26,24.98
429,20-5920679,73,69,1,58.0,36.71,67.1,131,2.56,3.01,3.6,12.22,22.19
430,44-8052399,61,46,1,58.91,37.4,67.75,105,1.92,4.22,14.39,8.86,17.42
431,02-5571701,34,55,1,56.53,34.88,71.3,103,1.85,1.02,4.32,15.72,15.43
432,53-9191006,67,56,2,57.81,34.33,97.72,119,1.61,1.42,10.12,2.74,13.62
433,89-7985810,54,47,1,55.99,35.09,77.44,114,2.19,3.63,5.51,5.36,22.66
434,78-7532838,38,79,2,48.76,33.55,88.34,118,2.61,3.84,12.59,6.63,14.09
435,37-4029626,79,79,2,59.21,32.62,58.59,132,2.39,3.99,9.99,1.85,13.0
436,10-4018018,80,40,1,46.99,35.49,32.24,122,2.31,1.78,11.17,3.55,16.82
437,16-8692274,31,75,1,59.54,35.07,63.79,133,1.4,1.88,3.03,11.39,10.05
438,23-3676460,58,49,2,58.75,38.92,98.37,120,1.69,2.05,14.6,4.2,11.72
439,38-7485237,70,46,1,54.22,35.65,58.9,123,2.76,1.53,13.28,14.73,13.78
440,84-9226159,58,50,1,52.67,37.58,62.7,111,1.37,4.2,3.33,2.54,13.1
441,31-2359811,77,65,2,50.13,31.79,58.31,108,2.41,3.12,3.93,15.13,24.16
442,11-4258195,71,71,2,40.77,35.87,65.22,140,2.98,1.23,8.98,1.81,11.56
443,83-3498739,50,59,2,50.37,37.6,35.08,148,1.07,3.41,12.81,7.4,15.74
444,86-7024920,37,63,2,48.18,33.02,39.94,149,2.69,4.42,2.71,1.05,24.04
445,15-9694608,53,72,2,46.03,34.48,58.07,112,1.39,2.12,10.34,8.19,15.62
446,62-3132097,80,52,2,48.98,37.4,70.49,143,2.54,4.35,9.25,13.5,22.77
447,56-6270041,75,50,2,47.9,35.45,82.36,102,1.91,1.41,11.63,9.05,13.49
448,10-6620857,61,60,1,56.23,37.51,95.28,120,2.3,1.79,10.9,7.97,17.62
449,46-9581200,64,78,2,54.79,35.23,95.42,146,1.56,1.64,5.73,2.36,16.48
450,20-1620597,53,65,2,44.08,34.26,34.98,147,1.73,4.02,2.79,15.79,22.2
451,78-5426431,69,54,2,42.77,34.12,37.44,115,2.2,1.81,11.77,6.66,22.55
452,28-6287210,55,48,1,41.85,34.65,77.44,130,2.36,4.17,14.92,5.76,10.28
453,22-4292431,75,47,1,51.18,30.37,94.39,117,1.14,1.55,2.59,14.58,14.84
454,59-2909136,52,49,1,54.26,37.15,40.56,144,2.85,4.78,4.18,15.01,17.72
455,36-2405006,25,65,2,44.58,38.36,65.1,120,1.61,4.33,12.55,15.22,24.48
456,53-5503598,21,67,2,49.61,37.52,99.29,148,2.05,3.19,2.92,10.7,16.99
457,64-8191689,22,50,1,50.85,34.46,60.59,142,2.28,2.16,14.6,12.0,19.82
458,58-8798937,35,40,1,50.08,39.91,57.35,113,2.32,2.29,2.03,6.81,24.22
459,15-2801009,38,70,2,43.5,38.08,33.77,142,2.26,1.57,8.75,6.76,23.47
460,89-1838011,59,70,2,40.58,37.8,78.98,143,1.44,2.34,11.37,3.91,19.32
461,35-6294980,43,41,2,54.6,33.32,90.0,106,2.02,2.31,10.5,2.28,16.07
462,20-0170201,79,55,2,47.09,39.65,97.82,150,2.97,1.21,8.91,4.87,13.1
463,12-5844454,68,72,2,46.46,31.59,36.36,150,1.44,2.14,7.59,4.76,21.34
464,98-8112595,62,40,1,48.31,37.15,77.87,114,2.29,2.62,1.87,4.62,15.28
465,67-7643224,36,59,2,42.38,37.22,93.69,119,1.28,1.41,8.15,4.71,20.08
466,00-6074599,44,76,2,58.85,34.21,68.41,124,1.65,3.59,6.88,6.02,13.54
467,73-7837669,46,72,2,49.3,39.67,94.18,122,2.09,4.02,3.58,10.57,17.61
468,12-5548660,40,63,1,46.8,34.41,76.27,136,2.24,2.34,9.4,3.73,11.02
469,54-1822010,78,65,1,48.02,33.68,31.44,125,1.17,3.44,2.17,9.15,19.7
470,41-1996183,51,80,1,56.86,31.03,44.43,142,1.18,4.92,7.7,14.9,18.79
471,74-0985291,42,40,1,55.45,38.56,76.94,130,1.25,2.33,13.38,8.48,17.17
472,65-4760480,25,66,2,49.65,34.99,82.77,137,1.76,4.78,9.7,2.06,21.28
473,90-3665499,72,65,2,49.98,32.23,58.31,134,1.46,4.76,8.7,1.02,16.3
474,92-8839194,38,57,1,45.58,37.18,55.58,123,2.47,4.82,12.86,6.79,14.29
475,51-6082514,69,61,1,44.14,32.27,50.92,138,1.86,1.03,7.72,9.82,23.14
476,53-7375341,73,47,2,57.64,34.97,47.88,129,2.95,1.59,5.74,3.64,15.22
477,04-2677235,27,53,1,58.54,34.25,50.2,104,2.0,1.03,6.24,6.95,12.73
478,40-5467029,72,70,1,41.41,35.67,78.95,139,2.05,2.83,12.56,14.16,13.24
479,38-3159423,59,49,2,42.83,32.69,76.23,112,1.34,1.98,14.53,1.57,13.3
480,67-5161636,49,71,1,56.29,31.88,49.07,123,3.0,1.01,6.72,13.37,11.19
481,59-1413911,78,50,1,40.27,30.32,65.14,100,1.47,3.26,13.52,13.38,16.58
482,84-7129932,74,78,2,52.33,36.29,84.86,103,1.13,3.17,3.8,9.91,10.7
483,04-1944193,67,76,1,44.03,37.47,76.35,141,1.14,3.71,14.64,11.99,24.83
484,68-5986243,38,71,1,54.04,34.2,47.42,142,1.21,3.83,5.6,4.66,22.39
485,55-3718367,80,59,2,55.03,36.2,93.48,128,1.68,2.61,7.94,5.01,21.45
486,81-2548916,75,78,1,50.96,33.19,98.31,117,1.21,4.73,4.52,11.26,21.41
487,06-1246336,47,66,2,50.6,38.68,79.13,130,1.11,3.14,5.89,10.1,18.84
488,22-4259486,63,40,2,44.27,37.66,73.76,135,2.86,2.42,6.57,7.7,17.47
489,59-3985214,25,53,1,58.04,31.58,68.28,137,1.47,3.52,12.17,3.94,13.13
490,26-9673926,71,48,2,58.68,37.33,40.65,138,1.93,3.84,9.58,14.23,19.74
491,11-3196763,74,60,2,56.34,30.42,87.04,125,1.85,2.3,3.37,6.75,17.38
492,96-2667256,22,70,2,43.38,34.37,70.26,141,2.9,2.12,6.96,3.6,14.77
493,12-9655937,48,74,2,57.59,30.29,38.15,133,1.08,2.14,13.5,8.84,19.7
494,54-6032361,72,69,2,54.79,31.84,49.99,132,2.29,4.3,1.58,8.5,19.86
495,03-7441134,79,78,1,59.18,33.52,65.57,132,1.38,1.26,3.48,4.34,12.74
496,29-3598298,49,75,2,48.63,39.22,32.63,104,2.01,4.49,14.06,10.56,21.1
497,55-9902338,20,40,1,46.27,35.96,93.73,124,2.84,4.3,9.02,11.85,18.55
498,60-5366645,23,68,1,43.65,38.97,90.56,110,1.76,3.21,12.94,6.21,22.62
499,83-9771729,72,62,2,55.41,32.6,89.07,150,1.96,1.92,14.63,7.63,22.39
500,93-5050705,74,44,2,53.42,31.5,87.62,144,2.5,4.18,12.17,11.75,15.04
501,81-4519338,24,73,2,43.93,32.92,90.67,121,2.0,2.36,3.56,6.07,20.84
502,82-7726672,71,51,1,55.18,38.06,88.11,102,2.59,4.91,1.76,15.41,23.06
503,54-1974983,71,61,2,52.58,34.97,56.82,145,1.12,4.9,7.28,9.09,16.15
504,95-7122182,46,67,1,47.17,31.91,41.06,135,1.75,3.84,13.66,6.53,14.64
505,51-5288812,64,75,1,44.17,30.7,57.91,109,2.15,1.6,14.68,1.46,24.48
506,31-7360558,50,80,2,45.22,31.59,31.24,101,2.64,2.72,13.76,5.72,15.7
507,56-4156810,40,76,2,49.42,30.84,80.35,149,2.51,3.68,10.63,14.57,22.41
508,20-5260973,41,40,2,43.33,36.86,69.52,143,1.79,4.52,5.12,15.12,16.38
509,98-7844354,46,80,1,42.31,30.15,61.2,100,2.97,1.15,5.56,2.54,12.8
510,59-3930841,50,55,2,58.46,39.2,92.96,106,2.42,3.31,1.91,11.28,23.76
511,42-6219818,21,64,1,41.87,34.01,69.95,132,1.19,3.72,7.13,7.9,14.37
512,04-0766824,31,71,2,53.33,36.86,99.42,124,2.78,4.52,10.26,1.87,16.09
513,85-6887241,71,67,1,41.61,33.81,99.48,102,2.59,2.72,8.23,11.22,10.71
514,84-7127179,42,43,1,45.8,37.38,53.86,125,1.82,3.49,5.58,7.96,20.76
515,45-3638677,47,42,1,57.19,32.31,51.14,108,1.25,2.38,10.81,4.13,17.63
516,33-7850462,62,49,1,52.13,31.61,70.02,115,1.95,2.67,6.27,13.84,13.78
517,54-5859041,60,46,2,41.16,37.23,68.37,114,1.14,1.18,14.84,12.15,16.67
518,70-9626980,33,46,1,51.21,33.52,63.13,104,1.8,4.59,7.54,12.74,16.09
519,76-6272233,36,63,1,54.82,33.86,43.35,105,2.69,2.66,13.99,10.98,24.21
520,24-8746350,79,44,1,59.93,39.14,42.41,111,2.06,4.29,12.46,11.59,15.82
521,05-5260866,79,63,1,41.2,34.23,39.08,109,2.71,3.19,4.83,14.21,13.12
522,08-9121547,34,46,1,58.95,36.64,75.2,150,1.54,2.32,3.6,10.92,10.52
523,12-8927598,36,68,2,59.71,35.13,83.14,113,2.94,2.61,13.18,10.91,20.88
524,43-0071283,77,76,1,52.74,39.06,44.59,111,2.33,1.12,7.52,8.87,23.38
525,55-6874505,44,59,1,46.03,32.39,94.07,125,1.71,4.49,1.84,6.88,15.53
526,56-4838062,77,57,1,52.02,32.19,46.14,144,2.36,2.59,6.52,12.61,21.02
527,60-4069243,64,50,2,42.74,39.72,65.41,113,2.82,3.6,5.04,9.2,18.28
528,20-3733018,78,77,1,40.79,37.89,31.12,112,2.4,4.1,13.19,15.66,16.71
529,91-0330276,24,54,2,49.94,35.73,71.05,150,2.96,1.91,13.31,14.13,17.34
530,43-4989496,77,56,2,54.99,36.92,95.93,111,2.48,2.66,11.95,15.2,12.58
531,79-4920341,71,49,2,49.69,31.81,67.63,138,2.4,3.7,3.95,2.61,14.75
532,36-8505124,41,70,1,49.79,31.16,32.76,135,1.2,3.03,13.96,4.4,17.68
533,29-9819146,21,41,1,40.69,39.13,39.79,105,1.89,3.79,3.27,8.84,14.21
534,26-8699068,33,72,2,40.99,36.0,37.99,113,2.7,1.64,13.78,3.33,18.55
535,90-0443877,66,49,2,49.02,33.88,65.36,149,2.94,1.1,10.15,8.69,11.58
536,60-8042855,39,56,2,47.36,35.57,99.59,111,2.45,2.6,13.83,3.88,11.95
537,17-9746594,77,56,1,45.01,36.28,44.49,145,2.87,4.47,13.79,6.82,20.43
538,68-4616166,36,78,2,55.02,38.29,56.01,125,2.0,1.63,8.95,3.61,14.88
539,51-7666386,79,68,2,47.78,39.55,34.8,111,2.81,4.86,7.53,13.57,13.28
540,36-9196120,68,40,1,57.79,31.33,81.98,109,1.09,1.47,4.64,4.35,10.99
541,42-0000742,69,68,2,43.42,36.91,81.46,108,1.46,2.36,8.0,5.23,11.56
542,31-6109607,39,77,2,48.62,33.58,34.34,130,1.71,3.3,8.39,11.1,20.95
543,25-3863337,39,59,2,57.41,31.63,63.85,148,2.33,4.49,9.92,13.69,11.63
544,42-0994893,49,80,2,56.99,30.98,85.38,117,2.88,2.29,10.23,12.51,16.14
545,06-0470117,56,72,2,54.95,32.05,70.31,142,2.27,4.49,11.88,11.93,17.37
546,75-6676134,71,77,2,55.8,36.91,66.6,105,1.81,1.46,14.82,11.04,13.27
547,02-6120644,28,65,2,45.41,30.75,94.63,147,2.12,2.09,2.88,13.93,13.97
548,14-0769375,31,55,1,44.14,34.52,95.87,131,2.69,1.38,7.9,14.95,24.6
549,21-4918738,74,74,2,56.73,38.44,90.29,121,1.55,3.13,12.34,8.96,13.09
550,71-9899034,64,80,1,53.99,39.9,43.54,102,1.61,3.93,14.51,6.79,18.96
551,55-7066367,51,40,2,42.65,37.29,88.99,132,2.91,3.39,5.02,11.69,22.96
552,81-7329897,39,40,2,42.73,35.91,89.2,117,2.05,1.07,4.14,4.26,20.15
553,45-5326095,38,77,2,53.37,34.37,41.28,141,2.11,4.95,3.65,8.59,12.09
554,61-7791844,61,53,2,50.23,34.98,85.32,128,1.98,4.27,9.5,2.57,22.0
555,67-8644336,22,50,2,44.86,35.9,49.52,132,1.18,3.63,4.85,9.8,24.65
556,21-5060089,27,69,1,48.02,37.48,82.24,123,2.63,3.19,6.22,8.82,22.12
557,27-2524853,54,73,1,58.33,33.55,48.22,136,1.79,1.33,14.13,12.69,14.29
558,60-2160835,27,59,1,42.99,36.03,79.29,103,2.99,2.02,13.95,5.6,12.63
559,16-6062209,64,70,2,47.42,32.26,91.64,135,2.26,2.77,1.49,12.17,22.29
560,31-6679868,54,43,2,42.47,31.41,39.55,150,1.04,1.93,6.4,4.49,11.26
561,99-9386180,65,62,1,53.31,39.72,90.34,123,1.47,2.11,7.46,13.08,18.62
562,74-0128846,58,65,2,57.18,33.22,98.48,103,1.04,3.3,1.08,4.44,23.43
563,35-3215634,54,73,1,42.56,30.36,81.9,146,2.17,1.56,1.37,13.61,14.57
564,34-0239652,29,52,2,58.43,35.95,37.62,143,2.34,3.85,4.34,12.12,24.17
565,26-1924398,65,78,2,57.71,37.62,70.41,143,1.69,3.47,9.01,2.89,23.28
566,55-5895791,35,62,1,59.26,38.66,53.12,101,2.95,1.56,6.07,12.58,19.29
567,53-1026382,56,56,2,45.05,39.6,72.58,126,2.29,1.47,12.37,9.4,17.42
568,40-6395170,73,76,2,43.86,31.74,65.35,141,1.49,2.64,12.87,15.72,10.2
569,52-7538028,20,65,2,56.94,36.33,96.69,129,2.45,4.16,14.67,9.87,15.34
570,03-3960005,43,62,1,59.24,31.42,44.45,123,1.0,4.4,8.57,4.05,17.67
571,91-2210895,32,80,1,58.25,35.58,82.65,129,1.64,4.77,1.24,10.32,18.62
572,90-4235759,37,66,1,52.38,34.73,44.08,121,1.44,2.47,8.7,9.48,24.32
573,29-4888798,40,71,2,57.49,38.97,75.54,126,1.29,1.8,3.7,11.39,16.97
574,76-1225639,53,78,2,51.93,39.51,99.85,105,1.31,1.63,10.06,14.22,15.77
575,04-1203269,50,45,1,52.67,37.63,60.64,125,1.21,2.34,13.22,2.63,20.49
576,60-7836991,75,71,1,44.78,33.18,35.97,121,2.86,3.14,10.66,7.7,20.23
577,00-5511210,29,72,1,48.12,33.86,62.81,140,2.59,1.21,8.7,8.01,16.68
578,87-7856257,68,50,1,52.62,38.88,77.79,120,2.92,3.79,14.87,7.15,20.8
579,42-1430635,76,61,2,51.46,37.96,70.0,122,1.04,1.82,9.31,15.38,19.59
580,89-7676402,53,65,2,57.15,32.8,59.96,110,1.17,4.65,7.53,14.86,23.29
581,13-6852593,24,68,1,56.58,34.85,32.66,138,2.79,2.93,3.57,7.97,15.99
582,55-6481562,41,77,2,55.99,34.79,73.88,132,2.5,2.47,7.15,4.63,18.06
583,24-4951671,52,41,2,51.01,37.57,70.28,146,1.93,1.21,14.35,1.39,19.94
584,66-1365459,33,80,1,45.34,30.26,78.41,147,2.63,3.93,1.55,9.27,17.57
585,17-6687226,64,74,2,54.0,36.73,55.49,116,1.67,2.12,10.71,9.05,14.66
586,89-6815710,56,55,1,41.57,30.2,32.54,150,2.53,2.37,14.72,5.56,17.82
587,85-4172077,71,76,2,50.48,35.6,53.47,116,2.62,1.09,10.34,9.86,11.26
588,20-1031911,54,52,2,45.14,37.13,59.95,119,1.11,1.11,2.05,15.97,18.87
589,81-6833708,31,75,1,43.16,37.87,61.08,111,1.06,2.31,14.68,2.69,22.13
590,56-7208477,71,40,2,50.43,32.53,52.8,141,1.99,2.01,5.51,10.58,14.98
591,49-4430059,30,50,1,57.19,35.31,99.13,147,2.96,3.96,5.15,13.91,19.88
592,91-8427217,41,54,1,41.0,38.11,88.2,103,1.46,1.69,2.44,10.63,15.66
593,70-9439811,31,66,1,43.01,33.83,89.25,146,1.14,1.25,3.08,8.11,11.86
594,89-4593696,21,80,1,41.4,36.4,67.17,100,1.13,3.85,5.06,1.02,23.22
595,61-7615176,64,77,1,45.77,31.02,77.53,134,1.21,4.73,5.22,12.04,23.61
596,06-0264906,66,41,2,49.9,36.03,78.35,137,2.48,4.44,12.59,11.61,18.22
597,00-8472427,55,76,2,43.03,39.49,56.89,121,2.44,3.04,9.95,4.22,18.33
598,52-4027636,22,41,2,53.12,31.45,45.62,140,2.4,3.38,11.17,14.16,23.76
599,42-7758771,52,69,2,49.83,38.89,72.05,137,1.38,2.32,7.84,12.36,15.49
600,79-0691740,24,72,1,48.42,31.59,71.48,150,1.84,1.2,4.14,10.58,13.8
601,71-4745926,57,54,2,59.75,30.26,76.46,148,1.27,4.56,14.37,11.22,23.04
602,43-9672477,70,48,2,51.0,39.73,93.96,111,1.88,4.89,3.11,1.16,15.28
603,58-4982533,42,61,2,55.14,30.58,49.76,135,2.55,2.51,3.32,6.15,19.21
604,85-0830581,73,66,1,45.6,38.85,77.74,109,1.95,1.83,6.07,2.44,14.57
605,34-2040858,77,58,1,49.96,30.19,88.76,148,1.1,1.83,8.52,6.31,12.28
606,10-6946615,42,44,1,40.68,36.2,56.29,138,1.53,1.59,5.35,5.26,24.48
607,29-6239727,75,45,2,49.11,31.85,49.86,142,2.3,2.69,14.35,14.57,18.76
608,35-0347459,49,74,2,57.48,34.83,43.63,105,2.45,4.85,8.77,2.58,19.09
609,89-9549903,37,45,2,53.74,39.74,66.17,112,1.59,2.41,5.99,3.62,11.66
610,83-7554341,24,47,2,47.57,36.93,66.92,145,1.67,2.02,3.64,11.24,19.96
611,63-7705315,56,63,1,47.76,33.44,74.02,106,1.8,3.21,9.4,8.38,24.56
612,26-5391612,24,51,1,49.65,32.67,39.33,101,1.68,1.58,4.13,2.56,14.86
613,21-8535147,51,52,2,59.52,31.87,30.13,129,1.97,3.77,12.89,11.39,12.89
614,78-0024470,78,65,1,45.13,34.31,99.78,146,2.67,3.91,12.19,2.1,23.29
615,44-5266185,71,49,2,53.76,39.52,95.26,115,2.65,3.3,3.52,9.46,22.45
616,95-9484837,61,44,2,48.33,31.18,70.84,134,2.72,2.78,1.39,6.39,22.41
617,15-7265162,24,42,2,42.84,38.37,84.36,107,2.53,3.3,5.29,9.72,23.19
618,52-5380053,29,52,1,40.57,38.26,77.28,121,1.39,3.96,7.98,9.59,22.32
619,00-9285206,24,72,2,47.03,36.12,63.26,112,1.25,1.55,13.02,4.14,15.17
620,99-6279207,62,42,1,49.0,38.13,81.85,137,1.04,1.39,14.83,6.77,12.58
621,73-4379766,22,60,1,50.12,38.31,76.26,117,2.11,3.15,12.85,1.47,16.92
622,31-9877551,29,70,1,54.26,34.26,52.64,135,2.39,4.07,5.17,7.83,10.63
623,15-0250913,61,41,2,56.41,30.07,31.74,102,2.86,1.04,7.9,12.76,14.93
624,86-1349920,34,40,1,53.64,31.81,48.81,131,1.16,4.61,6.38,2.9,16.89
625,65-3037455,27,57,1,54.2,37.76,60.61,117,1.2,1.96,12.38,15.48,20.18
626,56-4867237,26,70,1,40.21,39.28,58.86,104,1.88,1.05,6.15,12.85,23.43
627,77-8786125,29,75,2,58.97,35.03,39.43,135,2.03,4.23,11.28,9.06,18.51
628,74-4233428,78,52,1,55.66,39.48,95.67,140,1.91,3.63,2.74,2.52,20.52
629,49-8625184,53,51,2,40.54,30.92,89.1,126,2.9,3.14,6.43,15.64,12.57
630,27-2471687,71,63,1,43.41,38.28,35.33,134,1.12,2.57,10.02,14.47,14.41
631,32-5323604,74,65,2,51.21,37.75,94.05,134,1.04,4.14,7.22,6.47,17.57
632,84-3881755,41,71,1,55.53,32.35,88.93,120,2.72,4.85,5.3,13.18,11.73
633,79-5144626,76,73,1,53.04,33.91,74.99,129,2.91,4.77,10.63,5.11,18.52
634,54-0832763,65,80,2,44.29,31.89,32.82,107,1.35,2.98,7.52,7.29,14.59
635,37-3900684,26,63,1,50.95,39.07,85.84,115,2.33,3.27,7.48,5.99,13.46
636,74-0557190,66,79,1,54.89,39.52,76.41,114,2.64,2.54,14.11,8.78,20.6
637,44-8942287,40,78,2,45.88,36.01,30.63,128,1.02,2.57,10.48,12.7,19.52
638,57-6890154,23,78,1,51.27,36.73,78.83,134,1.93,1.78,1.11,9.86,13.78
639,02-5983923,31,60,2,41.39,37.05,53.43,144,1.57,3.85,3.31,9.63,17.97
640,64-8338632,54,66,2,50.85,32.49,35.76,138,1.46,2.01,2.87,14.06,13.36
641,71-0180553,53,49,2,54.88,30.28,95.93,114,1.4,1.78,1.58,4.24,19.09
642,83-7835171,46,45,2,43.16,30.63,51.09,143,2.71,1.48,9.88,12.1,19.24
643,07-1806787,50,61,2,46.8,30.11,98.82,126,1.92,2.34,2.78,2.47,12.04
644,62-5497702,51,50,2,59.66,36.78,57.95,140,1.23,3.13,9.33,1.36,20.34
645,85-7535328,72,52,2,46.52,36.87,73.05,120,1.84,4.51,10.33,10.45,21.5
646,65-2241436,78,67,2,47.83,38.59,79.77,126,1.03,3.3,2.44,1.02,11.69
647,41-9781912,71,68,1,52.93,38.95,92.63,134,1.75,4.2,5.19,7.95,16.34
648,32-0241519,76,47,1,40.58,32.96,61.47,131,1.45,4.2,6.79,14.72,12.76
649,28-5549965,40,73,2,46.22,33.65,42.79,123,2.12,3.77,10.11,9.51,15.73
650,15-6153317,66,56,1,47.85,37.81,38.08,146,2.39,2.2,11.55,3.59,18.83
651,46-3969799,53,46,2,48.19,39.11,48.3,110,1.06,2.59,12.7,5.31,16.74
652,92-8238391,46,68,2,47.47,31.2,38.03,140,1.69,1.37,4.21,8.44,13.7
653,78-1160547,57,76,1,52.79,38.43,40.31,103,2.26,2.14,13.18,7.2,22.15
654,27-7942811,32,76,2,46.31,33.88,63.23,133,1.64,1.69,8.76,14.73,24.44
655,65-9301217,41,70,1,56.53,35.19,70.67,125,2.05,2.66,3.69,1.22,18.79
656,84-5020577,61,50,1,54.39,38.17,48.27,121,1.08,3.11,8.24,4.12,22.23
657,93-5836159,28,70,1,55.01,33.17,63.99,144,1.28,4.54,4.09,12.67,10.79
658,72-6887669,29,70,1,56.18,39.35,49.0,124,2.59,1.22,11.74,4.06,10.37
659,27-3978109,76,73,1,59.7,36.6,80.11,141,2.67,3.63,8.9,7.89,11.26
660,77-3461495,67,52,1,46.47,38.95,58.61,124,2.81,1.89,11.29,13.12,12.59
661,21-7217925,24,62,1,56.76,34.93,91.76,101,2.9,1.21,12.89,3.64,23.41
662,69-4854723,20,62,1,46.85,37.52,33.7,130,2.3,4.19,8.56,14.87,23.71
663,63-7447600,75,53,2,52.06,30.28,58.52,144,2.3,1.53,4.16,11.53,13.46
664,75-8821830,43,45,1,54.86,31.5,49.85,128,1.58,4.31,8.01,2.46,12.56
665,62-0525992,55,48,1,52.07,37.42,56.04,142,1.27,4.98,11.85,2.87,10.25
666,19-9679786,25,44,1,48.24,32.43,60.14,145,1.15,1.43,11.59,3.93,19.97
667,12-5032401,63,40,2,59.36,38.43,67.09,122,2.43,4.25,3.96,8.42,13.91
668,44-9102220,80,70,1,48.97,34.26,76.92,114,2.56,4.11,6.03,8.55,14.52
669,73-4411078,20,45,1,53.14,38.22,74.68,106,2.5,3.94,12.0,13.86,21.62
670,31-3048400,77,77,2,54.16,35.94,66.26,127,1.81,4.85,10.7,1.73,12.34
671,79-4999975,52,53,1,45.58,31.78,49.21,100,2.36,4.64,6.45,11.91,14.77
672,57-6668647,45,74,1,44.99,39.38,97.3,143,1.75,1.45,1.24,8.57,18.47
673,62-8575895,74,80,1,42.34,36.46,45.15,126,2.67,4.66,6.76,1.89,21.75
674,26-6059714,39,48,1,47.31,37.97,45.02,110,2.45,2.71,12.82,5.84,12.3
675,82-6077570,77,65,2,58.1,38.33,51.12,143,2.43,4.44,6.32,1.6,14.83
676,63-2547401,76,53,1,48.47,34.96,58.36,125,2.46,1.07,6.36,6.87,24.39
677,07-0148389,46,53,2,51.19,32.2,89.47,144,2.16,4.65,9.53,13.84,20.93
678,63-7949846,33,46,2,51.68,33.84,76.57,129,2.72,1.29,11.82,7.2,18.9
679,75-5272486,60,45,2,48.89,37.36,50.93,134,2.7,1.47,4.28,11.26,14.79
680,07-9686454,34,66,2,56.54,38.35,81.55,114,2.79,2.79,7.93,3.66,20.92
681,11-1740706,40,76,1,45.77,31.49,93.65,122,1.91,1.56,4.45,15.72,18.07
682,75-5114661,48,77,1,44.14,32.55,31.82,119,1.42,1.54,5.73,8.06,12.6
683,47-1082926,37,50,1,44.48,38.55,32.79,126,2.28,1.94,2.84,4.28,21.68
684,35-2155454,70,79,1,55.03,38.18,64.98,110,2.69,3.18,11.07,15.51,17.04
685,95-2991509,50,65,2,46.35,37.85,84.32,120,2.14,1.96,8.92,14.33,18.72
686,26-1764009,72,67,1,45.56,33.37,77.98,134,2.44,2.08,3.65,15.86,17.35
687,88-7085319,57,50,1,48.88,33.14,95.2,125,2.56,4.89,9.35,5.16,13.0
688,05-1313302,39,77,2,42.52,35.86,32.69,129,1.04,3.64,7.98,9.91,23.17
689,21-9380429,54,65,1,50.19,38.95,99.33,122,1.85,1.18,8.25,6.64,22.02
690,14-7015269,58,71,2,52.06,38.36,99.86,109,2.31,1.15,5.77,6.39,20.87
691,17-2381929,55,44,2,49.22,36.45,59.38,132,2.6,4.3,8.62,4.17,18.53
692,88-9994478,57,42,1,41.58,30.6,74.37,112,2.54,4.71,1.49,12.92,24.49
693,69-1414139,68,71,2,46.47,39.43,79.24,105,1.77,2.42,11.83,14.02,16.89
694,42-9734238,55,61,2,47.11,35.86,77.83,107,1.4,3.5,6.85,3.6,19.47
695,66-3554332,60,70,2,47.73,39.68,79.44,141,2.32,2.08,6.42,16.0,24.32
696,96-6288429,63,66,1,50.52,32.27,91.48,130,2.19,1.25,3.56,7.41,12.57
697,78-1546007,78,61,2,41.33,32.02,74.64,113,1.63,2.47,8.73,1.91,18.36
698,47-9394498,40,49,1,44.1,34.12,30.82,143,1.34,1.28,6.18,14.08,12.53
699,69-1316842,46,40,2,43.88,39.34,41.39,143,1.91,4.89,5.83,14.42,22.84
700,48-0144765,68,61,2,49.81,37.3,70.04,119,1.1,1.76,9.18,9.34,11.02
701,71-3410589,44,45,2,52.13,30.99,84.26,115,2.43,1.8,7.15,12.04,12.23
702,11-4971187,30,54,2,55.92,32.6,47.11,125,1.19,4.5,7.74,7.98,12.89
703,93-6351266,63,70,2,59.46,33.05,51.3,129,1.1,2.33,9.41,3.74,17.99
704,74-4603293,54,57,1,58.47,35.88,88.1,117,2.2,2.29,14.78,13.14,16.67
705,01-8843886,59,50,2,45.85,32.2,32.94,141,2.33,2.35,8.85,9.31,12.07
706,59-2814785,32,53,1,48.88,38.55,94.19,101,2.89,3.23,13.46,6.61,11.44
707,66-5759281,64,66,1,40.4,33.47,95.17,141,1.75,2.96,4.03,10.79,24.06
708,05-1761366,79,45,1,51.59,36.68,86.3,129,2.67,2.54,6.61,9.57,24.72
709,08-1524577,49,63,1,52.26,31.09,31.98,150,1.96,3.85,5.59,15.77,10.12
710,36-9635183,56,69,1,57.96,35.57,81.23,123,1.5,4.5,3.94,2.12,12.73
711,89-6591876,77,55,1,49.1,37.76,97.35,142,2.34,1.21,8.47,6.47,22.53
712,55-4388120,80,62,1,55.34,34.36,45.65,113,2.01,3.9,11.21,10.83,20.07
713,36-1738185,54,68,2,55.44,36.14,97.45,127,1.81,4.78,12.76,3.42,23.06
714,14-7523762,59,54,2,41.48,30.8,42.89,111,2.42,1.48,4.25,13.36,15.18
715,29-6133582,26,77,2,56.4,32.63,64.02,110,2.13,2.94,12.69,10.81,15.42
716,79-4281896,32,50,1,42.96,39.54,73.23,115,1.68,4.39,10.82,2.02,12.99
717,58-5474064,69,72,2,42.94,32.39,53.1,135,1.48,1.66,11.95,13.06,13.73
718,95-9993036,25,67,2,45.63,32.69,66.93,123,2.98,4.26,14.91,3.12,15.34
719,91-4169534,71,50,2,44.81,30.53,59.68,144,1.7,1.86,1.07,2.22,14.19
720,26-6639213,55,67,1,54.3,36.53,39.39,128,1.75,1.34,11.24,13.96,16.25
721,14-9623618,66,65,2,44.08,36.42,66.2,122,1.96,2.74,6.22,12.66,13.51
722,40-3407403,61,62,1,51.53,34.28,68.76,145,2.6,3.3,11.93,2.04,22.64
723,41-8046073,31,52,2,54.96,39.71,96.82,121,1.17,4.8,3.24,7.57,22.78
724,73-2141371,57,56,2,40.42,35.73,44.76,147,1.32,2.19,7.52,3.43,23.17
725,28-0774820,64,73,1,55.22,35.7,93.1,135,2.57,2.88,13.8,6.34,15.39
726,36-0266336,55,61,1,46.05,37.44,59.06,129,1.23,2.52,4.41,10.99,23.61
727,60-3541740,27,48,1,41.9,38.4,83.83,128,1.2,1.43,9.57,14.25,23.53
728,01-9176141,64,51,1,54.84,31.26,51.37,145,1.47,3.95,9.42,14.31,15.9
729,80-9968049,61,69,2,55.23,36.93,63.39,148,2.36,2.87,10.39,11.08,13.27
730,09-3718540,64,79,1,43.5,30.18,80.24,121,2.56,3.34,6.57,9.63,14.67
731,57-6171648,59,77,2,49.78,38.66,70.83,100,1.99,2.04,12.58,7.69,24.12
732,11-9040936,31,69,1,50.74,33.36,79.32,133,2.02,3.88,4.21,1.79,20.08
733,88-3975237,79,54,1,44.56,36.06,82.03,143,1.42,1.8,6.09,14.56,13.23
734,23-4318576,79,42,1,54.53,35.44,74.93,122,2.5,2.43,13.97,10.79,13.72
735,60-6499652,50,50,1,42.93,34.31,59.74,145,1.1,4.18,1.03,14.45,21.61
736,25-0198947,20,76,2,42.74,36.67,98.44,122,1.86,4.82,2.4,14.78,18.27
737,37-2574634,29,41,2,58.87,33.08,79.71,143,1.02,2.18,2.9,11.57,19.25
738,01-0685624,38,50,2,50.12,36.47,49.36,106,1.73,4.81,2.43,11.46,19.35
739,42-9345663,69,48,2,42.33,36.26,57.48,143,2.87,1.74,12.09,15.02,11.19
740,60-3626544,25,76,2,50.26,37.42,50.79,113,2.15,1.7,9.64,13.18,14.54
741,47-4964469,34,66,2,46.35,30.01,91.03,140,2.51,1.81,12.27,7.85,20.18
742,72-6776111,76,47,2,55.53,35.24,74.03,107,2.4,2.15,8.53,8.14,11.28
743,82-1864927,66,77,2,40.24,37.94,73.15,148,2.99,4.97,3.97,10.77,24.98
744,25-2930279,26,67,1,46.08,30.99,31.11,125,1.89,1.53,7.06,14.73,20.2
745,84-3729823,20,77,2,50.22,31.64,63.9,111,1.3,1.17,8.94,4.21,11.31
746,06-5134433,75,58,2,53.6,38.22,54.58,105,2.44,1.3,12.0,9.06,24.98
747,59-9423303,31,72,2,47.56,36.06,35.2,130,1.22,1.48,9.38,4.57,14.56
748,16-7011460,72,54,1,41.75,35.97,37.47,126,2.24,2.94,5.23,2.09,21.95
749,45-6131572,59,63,2,47.06,31.59,37.3,113,2.08,4.33,11.27,10.34,23.99
750,53-2565856,21,58,1,53.51,37.47,36.14,125,2.69,4.41,12.48,15.89,14.2
751,13-2014798,28,78,2,42.42,37.49,76.04,109,2.17,1.06,8.43,9.43,18.77
752,42-7576445,22,78,1,40.42,36.33,78.09,146,1.74,1.26,5.12,12.57,17.43
753,15-8251227,46,60,2,42.06,39.07,55.3,102,2.99,2.69,4.21,7.59,12.13
754,51-4001393,77,73,1,59.24,30.09,70.47,131,1.39,1.08,2.13,1.02,23.98
755,70-0425397,50,64,1,45.51,30.49,72.59,133,1.24,1.23,7.78,5.85,23.72
756,14-3497904,26,74,1,53.26,38.73,71.53,141,1.25,4.94,14.37,8.44,12.22
757,00-9436417,42,73,1,46.39,36.48,56.96,101,1.97,2.45,4.7,11.47,19.72
758,77-7664834,37,76,1,46.37,31.32,41.15,119,2.9,2.23,12.94,6.98,20.27
759,31-3374006,79,71,2,42.89,33.84,78.08,102,1.52,4.26,6.98,12.01,15.12
760,89-4168059,27,45,1,45.0,34.23,79.33,114,1.28,2.89,2.99,13.46,20.36
761,33-2128828,36,49,2,56.85,33.98,54.34,117,2.46,1.09,3.52,9.81,18.88
762,21-3300913,47,57,2,43.39,30.93,39.92,133,1.33,1.46,1.13,6.49,13.11
763,65-8210799,44,68,2,43.07,37.77,43.46,115,2.93,4.47,14.2,6.29,10.19
764,73-5371239,24,74,2,43.91,33.45,65.3,120,2.35,4.57,1.22,8.8,20.07
765,79-0597172,66,45,2,45.56,36.05,91.64,108,2.61,1.07,13.67,7.82,19.38
766,87-4538645,64,47,1,53.66,32.37,90.35,141,2.78,1.91,8.93,9.8,12.67
767,17-1632691,44,74,1,42.05,33.4,61.02,107,1.75,3.36,5.19,14.85,15.95
768,65-3418054,33,69,1,45.87,31.26,43.59,108,1.34,4.28,2.13,10.63,10.83
769,75-1210889,65,65,2,44.73,31.3,59.22,135,2.41,2.43,9.37,6.17,12.93
770,80-6018540,50,67,1,43.45,35.71,43.43,138,1.2,3.46,10.08,7.25,17.38
771,92-7690959,20,64,1,46.98,39.79,86.16,135,2.6,2.23,6.61,8.09,20.69
772,10-0643275,33,69,1,49.7,38.01,43.4,103,2.61,4.41,2.91,1.52,16.07
773,39-4586154,27,72,2,47.67,39.93,52.51,109,1.89,3.36,12.93,4.39,10.49
774,61-2632432,44,47,1,59.79,35.07,45.59,134,1.17,1.97,1.42,13.06,10.47
775,01-5925402,23,55,1,54.7,39.64,38.47,100,2.28,2.5,14.32,15.91,10.22
776,55-5751540,29,76,1,54.81,31.6,70.21,139,2.35,1.89,3.06,1.28,24.69
777,25-2862463,55,57,1,44.44,38.36,37.98,105,2.38,2.58,11.18,12.12,20.23
778,68-8183630,58,76,2,50.62,39.65,48.36,106,2.2,1.75,5.9,6.82,21.73
779,88-2806255,34,66,2,43.98,36.53,74.13,108,1.85,4.27,2.47,7.17,20.54
780,55-3199918,27,77,1,53.79,31.0,84.72,124,2.19,2.58,9.21,4.75,11.01
781,76-6082452,73,48,2,40.83,39.98,89.97,108,1.56,2.99,5.91,10.11,14.26
782,84-6519492,48,76,1,43.36,33.48,84.76,123,1.95,1.76,3.37,15.56,24.45
783,73-5226142,29,61,1,46.41,39.18,42.61,113,2.8,2.22,13.76,9.78,14.95
784,82-5857388,80,41,2,45.35,39.45,82.8,123,2.46,3.89,14.79,15.08,19.98
785,61-5302569,35,48,2,55.15,33.01,48.89,144,2.68,2.68,5.13,10.21,19.19
786,45-8773450,23,41,2,55.25,39.7,60.76,120,2.53,2.0,11.3,3.07,13.04
787,54-8706892,41,61,2,47.57,35.82,90.84,109,2.9,3.6,12.33,2.27,15.02
788,42-6210439,74,72,2,58.22,39.82,85.95,116,1.07,4.06,11.47,7.38,18.79
789,44-7337628,61,49,1,47.95,34.1,36.54,115,2.82,2.53,14.65,14.48,16.53
790,78-3292783,80,44,1,49.43,35.55,88.97,143,1.48,1.49,1.06,9.03,23.98
791,78-2954801,39,79,2,57.48,35.5,36.74,106,2.17,3.36,11.23,3.42,14.57
792,17-6911950,21,58,1,54.96,30.41,92.05,117,2.73,3.24,3.07,2.63,21.55
793,45-1893782,60,66,1,55.54,31.15,74.32,111,1.71,2.68,9.63,15.96,13.43
794,09-0280339,79,74,2,46.15,36.3,42.81,132,1.73,2.71,2.49,6.77,12.67
795,41-1943840,55,69,1,59.54,33.32,47.57,136,2.78,3.16,2.2,14.58,18.51
796,08-2695694,76,76,2,40.56,37.69,73.79,132,1.47,2.7,11.94,14.43,24.27
797,79-4204798,77,42,1,56.39,36.97,76.27,112,2.78,4.82,1.83,11.95,22.36
798,70-9258503,67,44,1,43.28,37.15,94.86,122,1.08,1.32,9.4,11.56,15.1
799,16-9152176,36,47,1,58.47,35.68,80.17,134,1.47,2.6,12.25,14.36,15.74
800,34-4870792,23,62,1,56.72,33.15,71.27,121,1.84,4.57,4.26,9.59,11.77
801,68-2461977,68,67,2,42.6,38.66,81.76,149,2.38,1.74,2.39,6.03,18.44
802,74-2810359,21,42,1,45.52,39.89,66.39,145,1.75,1.49,9.31,5.67,13.5
803,61-9766392,34,56,1,41.23,34.45,86.58,119,2.96,2.79,3.49,14.99,12.2
804,10-1778332,32,73,1,55.95,31.25,84.97,112,2.47,1.13,5.42,1.15,15.16
805,82-0578079,48,77,2,41.21,33.12,79.33,146,1.96,2.89,12.92,5.92,14.95
806,51-5867789,75,62,2,53.89,36.62,33.77,110,2.26,4.48,11.97,14.76,17.98
807,50-1627922,61,68,1,46.92,35.17,65.82,145,1.04,3.2,14.54,1.57,24.22
808,01-5560868,63,60,2,54.93,32.48,99.38,142,2.08,4.27,8.93,11.31,16.18
809,69-5882092,35,79,1,41.49,30.26,38.24,144,2.36,4.41,1.73,3.96,14.56
810,53-0548029,72,50,2,52.89,31.89,81.43,129,2.23,3.38,5.71,15.58,22.43
811,10-3367743,49,52,2,45.77,35.06,52.52,108,2.16,2.24,10.22,12.07,16.11
812,32-8848311,32,53,2,49.24,37.96,59.36,111,1.31,3.84,2.88,5.55,11.02
813,79-1280136,29,70,2,44.01,33.64,34.01,134,1.99,2.66,2.51,4.37,19.63
814,50-8160464,22,73,2,40.11,30.57,62.75,142,2.64,3.92,3.38,9.47,10.25
815,02-1234222,41,55,1,52.72,33.17,55.7,149,2.0,3.92,4.1,7.27,15.91
816,22-1593750,62,53,1,55.35,34.91,81.34,142,2.88,4.1,9.44,14.67,12.37
817,34-4434325,69,79,1,58.45,36.26,90.22,142,2.24,3.82,13.12,4.76,21.41
818,15-8070876,74,78,2,44.24,38.04,43.9,133,2.26,4.54,13.96,14.99,12.55
819,99-3173930,64,54,2,57.21,32.17,66.02,142,2.16,4.78,5.58,4.8,20.8
820,30-6719595,42,59,1,49.11,39.24,69.26,129,2.0,3.64,8.29,8.24,22.39
821,76-0520220,44,57,1,54.68,37.18,38.27,106,2.08,1.37,2.31,14.4,10.37
822,20-1378701,42,67,1,45.21,37.74,66.83,115,2.26,2.37,8.54,8.66,19.57
823,47-5081692,68,76,2,48.81,34.56,33.0,142,2.95,3.89,12.21,13.84,24.14
824,40-7604834,44,79,2,50.15,37.96,68.34,142,1.89,2.14,2.63,2.78,14.64
825,92-5122715,58,53,1,55.51,38.04,90.86,146,2.33,3.34,11.91,8.22,10.41
826,56-6574650,35,68,1,54.23,35.13,67.14,101,2.94,2.13,13.18,9.52,10.26
827,54-8770141,31,71,1,56.71,34.39,39.03,138,2.9,1.15,2.47,5.22,19.91
828,87-1361860,76,74,1,42.45,38.7,77.23,114,1.08,1.11,3.23,11.1,17.92
829,86-4729362,24,61,1,54.34,33.95,56.2,148,1.5,2.08,4.41,5.87,24.05
830,81-7557417,76,44,2,45.42,38.21,82.34,147,1.12,1.55,13.83,2.62,18.04
831,01-0773621,79,61,2,48.44,36.15,46.32,132,2.34,1.0,5.97,13.9,11.06
832,39-3872189,63,80,2,59.32,30.4,68.82,120,2.61,2.38,4.1,11.74,10.51
833,85-7407312,50,50,1,48.92,31.81,95.46,141,1.62,1.89,14.58,10.2,19.46
834,55-6911669,21,62,1,51.92,39.01,40.19,147,1.52,2.59,9.92,7.84,21.3
835,46-5878049,38,78,1,45.15,32.76,96.39,137,2.7,2.76,7.82,2.42,13.82
836,22-9361807,27,49,2,56.79,38.23,71.0,109,2.18,3.69,13.14,14.47,10.35
837,90-1104034,79,63,1,45.74,33.03,63.97,124,2.03,2.7,9.33,12.66,23.82
838,88-1258219,48,43,2,52.64,31.18,78.49,103,1.69,1.56,2.37,4.2,18.29
839,22-3657857,65,62,1,43.15,33.0,62.73,102,1.5,2.74,3.98,4.64,14.91
840,20-5770354,63,75,2,52.6,32.3,82.71,116,1.68,3.48,13.38,5.78,16.83
841,21-6305710,29,52,2,55.29,35.37,73.88,148,2.35,4.59,2.56,14.27,21.76
842,26-5043956,38,63,2,59.1,39.19,59.85,116,1.14,2.7,11.79,7.01,19.83
843,57-7560966,28,46,2,49.28,31.86,51.4,132,1.28,3.62,10.9,7.49,23.51
844,98-9389475,77,68,1,49.93,36.77,96.49,104,2.74,4.6,4.62,4.53,23.47
845,13-4099787,37,48,1,52.2,34.34,77.78,139,2.92,2.27,8.39,6.03,17.92
846,06-3253362,37,43,1,54.5,35.29,70.38,141,1.85,4.03,9.51,3.09,12.37
847,07-6580112,56,55,2,49.88,31.97,83.71,145,2.62,1.37,14.04,6.24,15.9
848,37-6254971,54,58,1,40.08,38.21,95.38,101,2.18,2.11,9.35,4.67,21.06
849,55-3457020,71,55,2,50.65,38.86,76.6,119,1.83,2.25,10.77,12.08,13.77
850,10-6738888,60,63,2,45.78,36.79,85.67,115,2.44,4.24,4.68,7.73,15.15
851,78-7561225,66,61,1,42.68,38.71,83.9,135,2.72,3.47,11.93,14.61,24.82
852,88-1148700,22,80,1,50.68,38.19,65.06,110,2.47,2.42,3.39,12.35,15.9
853,02-6405061,74,67,2,47.67,31.18,33.49,108,2.53,1.21,10.9,14.01,15.2
854,86-9747248,30,61,2,56.16,38.75,38.04,138,1.03,3.87,10.7,8.86,15.87
855,11-0096642,25,67,2,49.01,32.93,36.52,118,1.29,4.88,6.11,13.43,10.14
856,25-2078518,44,44,2,53.6,34.3,65.0,113,1.93,4.71,7.77,4.75,16.56
857,14-3205620,32,74,2,56.5,38.04,75.88,120,2.17,2.09,12.35,6.96,12.26
858,57-0361154,41,52,2,57.56,36.39,67.64,127,2.24,2.4,10.46,7.92,12.55
859,70-8158302,20,49,1,50.38,34.18,34.37,130,2.27,2.92,6.58,8.48,10.91
860,67-0860116,21,71,1,49.52,37.64,82.95,136,2.37,2.63,2.62,8.68,24.26
861,07-6096528,55,43,1,57.48,38.85,55.48,107,1.75,4.27,8.43,11.79,11.54
862,29-4446420,54,42,1,48.06,32.56,76.43,133,1.2,3.88,13.1,10.06,24.45
863,72-1071739,28,76,2,52.66,37.61,37.65,123,2.42,2.03,4.78,7.81,12.58
864,20-6160565,63,55,2,55.49,31.15,30.66,142,1.8,1.31,7.5,7.64,11.86
865,70-5035520,70,42,1,47.13,37.76,97.24,109,2.0,1.27,7.83,5.75,22.43
866,71-0282651,79,56,1,48.42,38.27,90.23,103,1.87,2.74,14.1,11.65,22.24
867,79-3706082,52,48,1,49.69,34.08,79.42,133,1.19,3.97,5.39,3.52,12.77
868,30-6172878,60,46,2,58.62,31.49,70.52,129,2.48,2.99,13.14,2.17,16.86
869,39-2648943,55,77,2,56.97,30.28,53.92,116,2.89,2.82,6.31,2.18,18.06
870,41-8286196,44,79,1,52.09,38.62,42.84,111,2.63,3.01,13.9,11.03,11.33
871,36-1973841,65,44,2,41.7,37.63,65.25,122,2.6,4.0,11.04,2.7,17.66
872,62-9782035,31,55,2,51.87,31.85,71.3,104,1.01,2.95,5.63,14.14,16.81
873,85-6007486,23,78,2,46.45,35.27,83.06,112,2.67,1.27,10.54,9.59,21.09
874,74-3620651,20,78,2,46.43,34.99,54.02,130,1.31,2.37,4.94,15.38,16.24
875,87-8076953,62,51,2,40.82,37.51,71.12,117,1.4,4.47,14.68,10.09,11.73
876,89-4247082,78,50,2,57.2,34.93,56.1,100,2.32,1.18,2.98,15.7,22.8
877,27-7652636,56,76,2,57.02,39.45,37.63,134,1.79,3.24,6.42,3.29,10.95
878,61-6603695,23,70,2,44.47,31.1,89.69,124,1.82,2.14,14.93,1.08,13.24
879,32-3044764,29,68,2,40.26,32.08,56.19,100,2.14,2.64,4.45,15.3,10.29
880,16-1970294,22,77,2,46.52,36.21,45.51,132,1.52,1.57,14.3,1.04,22.69
881,49-4100541,30,56,2,53.67,38.56,85.65,123,1.54,3.21,2.32,4.72,13.72
882,07-4671585,23,64,2,47.67,36.58,75.69,114,2.45,4.93,2.45,9.26,23.53
883,69-0173041,66,54,2,42.08,35.08,82.42,133,1.01,4.98,8.22,11.99,20.64
884,34-5941728,44,69,1,57.56,35.57,72.84,142,2.13,4.01,1.58,8.07,14.97
885,05-6844323,42,49,2,43.19,30.29,37.8,120,1.41,2.4,12.03,12.88,18.42
886,51-2263570,75,73,1,54.12,36.59,70.24,102,2.04,4.77,3.17,2.73,13.06
887,56-9525512,80,58,1,41.42,36.65,67.43,113,1.08,4.97,11.1,13.06,10.19
888,01-5049405,31,71,2,48.12,33.41,67.85,123,2.7,1.94,6.72,5.04,23.29
889,50-9438908,77,53,1,59.17,38.74,43.45,106,2.71,2.7,1.29,6.78,21.26
890,94-1195941,21,77,2,52.49,32.04,64.73,150,2.3,2.13,5.95,3.49,23.51
891,59-7564777,78,59,1,58.72,39.69,42.91,143,2.65,4.65,1.8,8.3,19.94
892,88-2997531,53,66,1,59.66,33.56,91.26,144,2.0,4.86,4.26,8.65,17.37
893,09-8984626,52,70,2,54.29,35.37,78.01,143,1.28,3.25,13.19,9.56,23.44
894,50-3138116,22,65,2,54.12,34.54,47.85,118,1.79,4.49,4.46,7.98,23.71
895,00-0043370,53,61,2,46.68,33.86,67.72,106,1.93,1.68,6.38,9.2,13.52
896,63-3848616,46,57,2,53.49,38.69,97.45,132,2.7,2.23,11.81,1.12,17.8
897,88-8547563,31,53,1,46.18,38.99,31.11,108,1.4,2.2,12.36,14.15,20.4
898,48-3876250,28,55,2,57.63,33.05,46.52,129,1.36,1.7,5.42,10.48,22.98
899,90-8401499,51,52,1,53.18,31.68,65.65,144,1.92,4.41,5.3,10.95,22.34
900,59-6079709,74,50,2,53.13,37.64,57.63,141,1.3,4.1,1.72,2.45,11.14
901,04-6604378,75,64,1,51.83,32.44,48.68,117,1.42,2.82,10.08,13.53,18.9
902,01-8223853,26,63,1,44.91,30.68,75.96,144,2.8,4.59,6.19,3.38,13.4
903,78-6688087,42,76,1,42.02,37.65,85.01,144,1.79,4.05,5.75,10.18,21.28
904,87-4273665,33,64,1,46.33,30.82,74.66,105,2.06,1.18,11.91,15.76,23.54
905,03-9242723,76,67,2,42.59,37.2,35.21,113,1.24,2.27,14.29,1.13,22.99
906,79-1311175,60,74,2,56.09,30.81,31.11,125,1.16,3.38,12.78,5.56,18.59
907,42-9509969,68,48,2,40.74,33.86,97.71,141,2.7,1.46,2.35,10.84,17.48
908,70-1047475,23,42,1,40.43,34.94,60.85,100,1.99,3.46,8.1,4.55,24.17
909,91-7874383,43,61,2,44.46,39.09,74.32,118,2.49,4.75,11.63,8.55,19.66
910,67-1869713,31,59,2,52.02,30.57,83.5,104,1.46,3.66,2.08,10.63,13.88
911,87-6036256,66,80,1,55.78,39.63,41.77,141,2.94,2.4,13.36,5.0,24.15
912,98-0392244,31,55,2,59.12,34.74,81.24,147,1.05,3.39,3.23,14.14,16.01
913,42-6156043,78,72,1,58.24,32.8,66.65,112,1.36,1.2,3.22,3.51,19.67
914,93-7956620,27,67,1,43.89,34.59,31.08,104,1.47,4.89,1.82,3.2,15.84
915,59-7286847,36,80,2,43.55,30.41,46.02,131,2.71,1.53,7.6,5.16,15.08
916,91-9998186,38,56,1,57.65,33.97,83.92,113,2.25,2.18,1.88,7.15,20.85
917,53-4225069,30,78,2,55.81,35.13,95.94,117,1.86,1.43,6.4,7.75,24.05
918,51-3561679,26,80,2,47.4,31.58,42.17,142,1.29,3.16,7.05,5.7,24.65
919,62-0605068,51,73,1,47.15,32.41,99.05,146,1.22,4.19,6.32,2.66,17.71
920,40-6406254,41,53,2,58.84,32.86,57.66,122,1.76,3.99,1.56,7.42,24.41
921,70-2784071,61,41,2,43.5,36.74,49.05,101,1.26,2.03,4.77,10.5,11.97
922,11-5889542,69,59,1,53.36,37.21,99.82,147,2.35,2.82,7.07,14.19,13.26
923,42-4321938,53,42,2,42.77,39.74,31.56,108,1.9,3.11,9.08,13.76,18.9
924,57-9573286,41,69,1,56.73,37.95,56.87,119,2.08,2.31,12.32,5.76,22.31
925,24-8647923,41,50,2,51.11,38.59,57.87,144,2.83,4.63,8.07,5.08,10.77
926,93-0001023,62,40,2,50.19,31.46,32.8,144,2.79,4.0,8.55,6.11,18.38
927,11-7778825,42,70,2,43.85,39.86,72.73,138,2.4,1.91,14.63,15.69,22.76
928,86-7237325,27,45,2,42.57,36.26,51.04,135,1.38,2.28,5.28,12.85,22.83
929,29-6649511,31,76,2,54.91,32.53,94.03,147,2.7,3.78,11.48,4.9,12.99
930,75-8772224,29,79,1,56.35,30.27,31.42,115,2.7,2.19,11.56,4.46,20.66
931,82-5290589,51,69,2,45.08,33.19,75.96,120,2.3,1.6,3.13,5.16,19.33
932,00-8433117,45,45,1,42.13,31.83,58.52,140,1.25,2.4,8.94,14.88,23.05
933,36-3690665,74,53,2,42.76,32.1,61.07,110,1.44,4.68,12.03,12.95,21.74
934,80-3920310,46,61,1,56.36,39.5,46.48,135,1.28,3.03,14.0,12.84,17.86
935,10-5606700,48,40,1,55.12,37.02,95.31,126,2.28,3.69,7.76,15.74,17.99
936,37-2363065,72,68,1,49.07,38.36,97.79,136,1.68,4.82,13.6,15.04,16.02
937,09-7633217,47,69,2,58.8,34.84,49.65,117,2.27,4.21,11.05,3.39,19.15
938,11-6692990,78,76,2,56.6,37.53,59.19,141,1.99,3.52,9.41,9.85,10.84
939,94-3965096,36,64,1,57.38,37.14,32.79,122,2.53,4.12,6.07,6.66,13.05
940,22-4929606,67,43,2,52.23,36.58,63.72,145,2.95,4.56,6.76,9.86,13.64
941,35-3324648,77,44,2,54.16,38.0,35.85,140,2.68,2.52,5.28,6.83,12.77
942,53-2090764,40,57,1,43.27,39.72,38.97,101,2.61,3.9,9.42,5.58,10.53
943,30-3452092,66,46,1,43.14,39.61,88.28,119,2.83,1.86,11.24,6.11,11.79
944,50-9709315,28,57,2,44.16,33.58,45.8,117,2.12,1.27,9.77,9.18,15.21
945,96-9878620,45,74,2,57.75,34.84,62.11,147,1.84,1.83,7.1,4.29,20.22
946,34-3878833,49,70,1,46.38,35.45,78.02,140,1.98,2.77,7.5,9.01,10.37
947,51-8182458,55,69,1,44.17,35.93,49.14,119,2.66,1.95,11.8,14.63,20.72
948,15-7091895,35,45,2,59.58,31.67,88.39,105,1.34,1.61,13.44,4.09,17.17
949,77-5809477,51,50,2,50.9,34.6,94.92,112,2.62,2.66,4.67,14.09,10.25
950,79-8507055,72,49,2,46.16,33.06,66.82,144,1.54,4.32,8.84,4.75,24.92
951,93-3592169,29,54,2,44.63,38.75,33.31,105,1.83,4.72,5.14,1.98,21.95
952,01-6833619,26,71,2,56.34,39.08,45.35,133,1.54,1.37,5.47,5.7,21.75
953,15-0835134,36,76,2,46.06,38.07,70.23,127,2.53,2.04,10.75,11.31,20.01
954,39-8028185,33,50,2,40.5,30.28,48.25,103,2.77,2.34,4.31,7.93,11.81
955,79-0081219,73,41,1,42.73,39.91,86.95,130,2.89,1.67,11.19,5.87,12.0
956,62-7017056,23,63,1,58.22,36.44,88.4,119,1.94,4.15,9.18,11.53,18.66
957,36-7129598,40,49,1,51.25,39.12,73.8,130,1.97,4.32,4.58,15.33,13.68
958,66-4732615,80,80,1,51.18,34.84,52.94,124,2.09,1.1,7.47,7.45,11.32
959,20-4205693,72,40,2,46.35,37.03,53.45,103,1.43,4.13,9.65,14.02,21.77
960,30-1091509,62,69,1,45.35,38.83,79.59,138,2.69,1.94,4.88,3.58,17.53
961,72-3071115,78,58,2,49.82,34.07,80.38,142,2.12,1.04,13.6,10.24,19.1
962,05-1074605,65,69,1,48.59,37.55,47.78,108,1.12,1.24,2.63,11.76,18.72
963,39-2682880,21,48,1,57.73,38.94,61.86,116,1.41,1.4,12.65,8.99,10.6
964,99-1820925,77,70,2,49.05,38.7,56.62,102,2.86,3.29,3.84,9.69,19.09
965,81-0472755,21,43,2,45.26,31.91,94.8,107,1.61,4.37,3.66,3.33,24.17
966,83-4527542,65,69,1,59.15,30.66,53.07,136,2.57,4.24,12.73,9.43,16.61
967,95-0113413,42,56,2,53.35,38.24,83.76,133,2.72,2.54,11.22,5.67,22.42
968,79-3340857,63,75,1,46.35,33.25,56.13,113,1.39,2.66,3.66,13.63,20.11
969,70-2849133,54,74,1,42.0,36.58,59.01,131,1.97,4.6,9.55,6.49,17.68
970,47-7384552,52,68,1,52.78,35.2,76.52,106,2.64,2.07,4.02,11.02,11.83
971,12-3497541,75,79,2,47.94,34.28,40.26,116,1.79,3.52,6.99,4.36,21.81
972,74-5729229,52,44,2,53.12,38.17,45.3,149,1.38,3.2,7.3,12.28,13.28
973,04-1474753,66,61,1,56.38,30.38,34.45,100,1.96,3.25,5.44,1.27,22.34
974,50-3726827,61,49,2,45.97,33.54,60.18,128,1.83,3.11,12.9,10.74,13.3
975,85-7342865,51,70,1,52.01,30.47,79.09,102,2.25,4.39,4.79,7.54,24.77
976,27-0223207,33,52,2,45.11,36.58,50.71,143,2.2,2.65,1.97,4.69,22.82
977,32-5655721,53,69,1,49.86,31.03,73.46,108,2.91,2.88,4.7,1.86,14.71
978,88-7878114,49,61,1,40.81,36.82,94.02,102,2.97,3.54,13.35,3.86,18.97
979,51-0958349,29,49,1,42.76,30.33,56.24,110,2.25,3.57,12.66,14.64,23.27
980,13-2966570,75,49,1,40.66,35.35,55.78,134,2.16,4.74,2.43,14.16,13.87
981,05-9201037,23,78,2,55.08,38.93,64.81,128,2.78,1.25,8.13,9.51,22.25
982,99-4824081,38,58,2,58.44,33.66,34.88,132,2.57,3.3,11.53,7.7,20.85
983,90-7073349,59,52,1,41.88,36.86,36.14,129,1.77,2.7,9.48,10.03,12.09
984,64-5226137,70,71,1,42.08,37.75,94.22,137,2.41,1.64,11.26,5.81,17.68
985,71-5116742,33,74,2,43.38,36.97,52.69,113,1.25,2.19,9.5,12.65,19.77
986,65-4697270,43,51,2,54.39,38.21,38.99,107,1.29,3.5,11.72,6.42,11.36
987,23-6881892,25,73,1,53.58,35.3,63.64,149,2.57,2.86,5.83,11.67,13.43
988,89-3154248,53,66,1,57.41,32.22,31.76,127,2.7,4.0,8.59,5.06,12.51
989,03-6871777,68,53,2,55.96,31.22,52.35,106,1.87,3.64,2.34,10.44,13.52
990,40-1602521,74,54,1,59.36,39.47,51.3,119,1.9,4.37,14.47,4.36,16.96
991,12-9536843,36,79,1,41.08,32.45,60.93,132,1.01,2.74,8.17,3.01,19.25
992,82-0273371,66,74,2,51.0,31.98,74.33,147,1.93,3.17,14.12,12.64,18.16
993,01-8761683,60,67,2,46.36,30.64,70.4,127,2.79,2.26,11.54,10.77,23.85
994,49-5415200,57,40,2,51.46,33.98,57.54,138,1.54,4.57,13.71,4.27,15.83
995,59-2224572,41,41,1,58.5,35.39,55.79,134,2.51,3.52,2.47,11.8,12.37
996,33-3299854,28,66,1,57.81,38.7,54.92,102,2.4,2.06,5.65,12.72,16.98
997,56-8487151,75,80,2,44.37,35.55,68.87,120,1.57,3.3,11.56,13.32,14.09
998,73-4800752,23,62,2,57.35,30.16,69.3,100,1.16,4.0,10.44,6.76,11.45
999,06-2070173,64,42,1,46.87,33.05,42.08,144,1.54,1.73,6.56,3.07,18.17
1000,79-4829929,67,80,2,58.54,38.71,79.75,116,1.28,1.36,6.17,8.51,17.93
